,,DOI,Paper associated ,Author,Affiliation code 1,Afilliation name 1,Affiliation code 2,Affiliation name 2,Corresponding author  ,First author,Afilliation code 3,Affiliation name 3,Country ,
,,DOI: 10.1111/tbed.14669,p1,Seongho Yun ,1,"Korea Institute of Ornithology, KyungHee University, Seoul,",N/A,N/A,no,yes,N/A,N/A,#VALUE!,#NAME?
,,,p1,Mi-Jin Hong,1,"Korea Institute of Ornithology, KyungHee University, Seoul,",2,"Department of Biology, KyungHee University, Seoul",no,no,N/A,N/A,#VALUE!,
,,,p1,Min-Seung Yang ,1,"Korea Institute of Ornithology, KyungHee University, Seoul,",3,"Department of Biology, KyungHee University, Seoul",no,no,N/A,N/A,#VALUE!,
,,,p1,Hye-Jeong Jeon ,1,"Korea Institute of Ornithology, KyungHee University, Seoul,",2,"Department of Biology, KyungHee University, Seoul",no,no,N/A,N/A,#VALUE!,
,,,p1,Who-Seung Lee,3,"Environment Assessment Group, Korea Environment Institute, Sejong",N/A,N/A,yes,no,N/A,N/A,#VALUE!,
,,DOI: 10.1111/tbed.14376,p2,Dae-Sung Yoo,4,"Department of Public Health, College of Medicine, Korea University, Seoul",N/A,N/A,yes,yes,N/A,N/A,#VALUE!,
,,,p2,Kyuyoung Lee ,5,"Center for Animal Disease Modeling and Surveillance (CADMS), Department of Medicine and Epidemiology, School of Veterinary Medicine, University of California, Davis, California, USA ",N/A,N/A,no,yes,N/A,N/A,#VALUE!,
,,,p2,Marti?nez Lo?pez Beatri ,5,"Center for Animal Disease Modeling and Surveillance (CADMS), Department of Medicine and Epidemiology, School of Veterinary Medicine, University of California, Davis, California, USA ",N/A,N/A,no,no,N/A,N/A,#VALUE!,
,,,p2,Byung Chul Chun,4,"Department of Public Health, College of Medicine, Korea University, Seoul",N/A,N/A,no,no,N/A,N/A,#VALUE!,
,,,p2,Jaber Belkhiria ,6,"One Health Institute, School of Veterinary Medicine, University of California, Davis, California, USA",N/A,N/A,no,no,N/A,N/A,#VALUE!,
,,,p2,Kwang-Nyeong Lee,4,"Department of Public Health, College of Medicine, Korea University, Seoul",N/A,N/A,no,no,N/A,N/A,#VALUE!,
,,https://doi.org/10.1007/s11356-022-19016-1,p3,Wei Chen,7,"College of Geoscience and Surveying Engineering, University of Mining & Technology, Beijing 100083, China
",N/A,N/A,yes,yes,N/A,N/A,#VALUE!,
,,,p3,Xuepeng Zhang,7,"College of Geoscience and Surveying Engineering, University of Mining & Technology, Beijing 100083, China
",N/A,N/A,no,no,N/A,N/A,#VALUE!,
,,,p3,Wenwu Zhao,8,"Institute of Land Surface System and Sustainable Development, Faculty of Geographical Science, Beijing Normal University, Beijing 100875, China
",9,"State Key Laboratory of Earth Surface Processes
and Resource Ecology, Faculty of Geographical Science, Beijing Normal University, Beijing 100875, China",no,no,N/A,N/A,#VALUE!,
,,,p3,Lan Yang,7,"College of Geoscience and Surveying Engineering, University of Mining & Technology, Beijing 100083, China
",N/A,N/A,no,no,N/A,N/A,#VALUE!,
,,,p3,Zhe Wang,7,"College of Geoscience and Surveying Engineering, University of Mining & Technology, Beijing 100083, China
",N/A,N/A,no,no,N/A,N/A,#VALUE!,
,,,p3,Hongru Bi ,8,"College of Geoscience and Surveying Engineering, University of Mining & Technology, Beijing 100083, China
",N/A,N/A,no,no,N/A,N/A,#VALUE!,
,,https://doi.org/10.1186/s12917-022-03273-w ,p4,Yumna Elsobky,10,"Department of Hygiene and Zoonosis, Faculty of Veterinary Medicine, University of Sadat City, Menofia, Sadat City 32897, Egypt",N/A,N/A,yes,yes,N/A,N/A,#VALUE!,
,,,p4,Gamal El Afandi,11,"College of Agriculture, Environment and Nutrition Sciences, Tuskegee University, Tuskegee, AL, USA.",12,"Astronomy and Meteorology Department, Faculty of Science, Al-Azhar University, Cairo, Egypt.",no,no,N/A,N/A,#VALUE!,
,,,p4,Akram Salama,13,"Department of Animal Medicine and Infectious Diseases, Faculty of Veterinary Medicine, University of Sadat City, Sadat City, Menofia 32897, Egypt.",14,"Department of Biomedical Sciences, College of Veterinary Med- icine, Tuskegee University, Tuskegee, AL, USA",no,no,N/A,N/A,#VALUE!,
,,,p4,Ahmed Byomi,10,"Department of Hygiene and Zoonosis, Faculty of Veterinary Medicine, University of Sadat City, Menofia, Sadat City 32897, Egypt",N/A,N/A,no,no,N/A,N/A,#VALUE!,
,,,p4,Muhammad Omar,14,"Department of Biomedical Sciences, College of Veterinary Med- icine, Tuskegee University, Tuskegee, AL, USA",N/A,N/A,no,no,N/A,N/A,#VALUE!,
,,,p4,Mahmoud Eltholth,15,"Global Academy of Agriculture and Food Security, The Royal (Dick) School of Veterinary Studies, University
of Edinburgh, Easter Bush Campus, Midlothian EH25 9RG, UK.",16,"Department of Animal Hygiene and Preventive Medicine, Faculty of Veterinary Medicine, Kafrelsheikh University, Kafrelsheikh, Egypt. ",no,no,N/A,N/A,#VALUE!,
,,https://doi.org/10.1038/s41598-022-17396-5,p5,Cody M. Kent,17,"Department of Environmental Science and Technology, University of Maryland, College Park, MD, USA",18,"Geological Survey, Eastern Ecological Science Center, Laurel, MD, USA",yes,yes,N/A,N/A,#VALUE!,
,,,p5,Andrew M. Ramey,19,"Geological Survey, Alaska Science Center, Anchorage, AK, USA ",N/A,N/A,no,no,N/A,N/A,#VALUE!,
,,,p5,Joshua T. Ackerman,20,"Geological Survey, Western Ecological Research Center, Dixon Field Station, Dixon, CA, USA",N/A,N/A,no,no,N/A,N/A,#VALUE!,
,,,p5,Justin Bahl,21,"Department of Infectious Diseases, University of Georgia, Athens, GA, USA.",N/A,N/A,no,no,N/A,N/A,#VALUE!,
,,,p5,Sarah N. Bevins,22,"Department of Agriculture, Wildlife Services, National Wildlife Research Center, Fort Collins, CO, USA.",N/A,N/A,no,no,N/A,N/A,#VALUE!,
,,,p5,Andrew S. Bowman,73,"Department of Veterinary Preventive Medicine, The Ohio State University, Columbus, OH, USA.",N/A,N/A,no,no,N/A,N/A,#VALUE!,
,,,p5,Walter M. Boyce,74,"School of Veterinary Medicine, University of California Davis, Davis, CA, USA",N/A,N/A,no,no,N/A,N/A,#VALUE!,
,,,p5,Carol J. Cardona,75,"Department of Veterinary and Biomedical Sciences, University of Minnesota, St. Paul, MN, USA.",N/A,N/A,no,no,N/A,N/A,#VALUE!,
,,,p5,Michael L. Casazza,20,"Geological Survey, Western Ecological Research Center, Dixon Field Station, Dixon, CA, USA",N/A,N/A,no,no,N/A,N/A,#VALUE!,
,,,p5,Troy D. Cline,76,"Department of Biological Sciences, California State University Chico, Chico, CA, USA.",N/A,N/A,no,no,N/A,N/A,#VALUE!,
,,,p5,Susan E. De La Cruz,77,"U.S. Geological Survey, San Francisco Bay Estuary Field Station, Western Ecological Research Center, Moffett Field, CA, USA.",N/A,N/A,no,no,N/A,N/A,#VALUE!,
,,,p5,Jeffrey S. Hall,78,"U.S. Geological Survey, National Wildlife Health Center, Madison, WI, USA ",N/A,N/A,no,no,N/A,N/A,#VALUE!,
,,,p5,Nichola J. Hill,79,"Department of Biology, University of Massachusetts, Boston, MA, USA.",N/A,N/A,no,no,N/A,N/A,#VALUE!,
,,,p5,Hon S. Ip,78,"U.S. Geological Survey, National Wildlife Health Center, Madison, WI, USA ",N/A,N/A,no,no,N/A,N/A,#VALUE!,
,,,p5,Scott Krauss,80,"Department of Infectious Diseases, St. Jude Children's Research Hospital, Memphis, TN, USA.",N/A,N/A,no,no,N/A,N/A,#VALUE!,
,,,p5,Jennifer M. Mullinax,17,"Department of Environmental Science and Technology, University of Maryland, College Park, MD, USA",N/A,N/A,no,no,N/A,N/A,#VALUE!,
,,,p5,Jacqueline M. Nolting,73,"Department of Veterinary Preventive Medicine, The Ohio State University, Columbus, OH, USA.",N/A,N/A,no,no,N/A,N/A,#VALUE!,
,,,p5,Magdalena Plancarte,74,"School of Veterinary Medicine, University of California Davis, Davis, CA, USA",N/A,N/A,no,no,N/A,N/A,#VALUE!,
,,,p5,Rebecca L. Poulson,80,"Department of Infectious Diseases, St. Jude Children's Research Hospital, Memphis, TN, USA.",N/A,N/A,no,no,N/A,N/A,#VALUE!,
,,,p5,Jonathan A. Runstadler,80,"Department of Infectious Disease and Global Health, Tufts University, Medford, MA, US",N/A,N/A,no,no,N/A,N/A,#VALUE!,
,,,p5,Richard D. Slemons ,73,"Department of Veterinary Preventive Medicine, The Ohio State University, Columbus, OH, USA.",N/A,N/A,no,no,N/A,N/A,#VALUE!,
,,,p5,David E. Stallknecht ,80,"Department of Infectious Diseases, St. Jude Children's Research Hospital, Memphis, TN, USA.",N/A,N/A,no,no,N/A,N/A,#VALUE!,
,,,p5,Jeffery D. Sullivan,18,"Geological Survey, Eastern Ecological Science Center, Laurel, MD, USA",N/A,N/A,no,no,N/A,N/A,#VALUE!,
,,,p5,John Y. Takekawa,77,"U.S. Geological Survey, San Francisco Bay Estuary Field Station, Western Ecological Research Center, Moffett Field, CA, USA.",N/A,N/A,no,no,N/A,N/A,#VALUE!,
,,,p5,Richard J. Webby ,80,"Department of Infectious Diseases, St. Jude Children's Research Hospital, Memphis, TN, USA.",N/A,N/A,no,no,N/A,N/A,#VALUE!,
,,,p5,Robert G. Webster,80,"Department of Infectious Diseases, St. Jude Children's Research Hospital, Memphis, TN, USA.",N/A,N/A,no,no,N/A,N/A,#VALUE!,
,,,p5,Diann J. Prosser,18,"Geological Survey, Eastern Ecological Science Center, Laurel, MD, USA",N/A,N/A,no,no,N/A,N/A,#VALUE!,
,,DOI: https://doi.org/10.21203/rs.3.rs-2948767/v1,p6,Yumna Elsobky,13,University of Sadat City ,N/A,N/A,yes,yes,N/A,N/A,#VALUE!,
,,,p6,Mahmoud Eltholth,68,Royal Holloway University of London,N/A,N/A,no,no,N/A,N/A,#VALUE!,
,,,p6,Ehsan Abdalla,14,Tuskegee University,N/A,N/A,no,no,N/A,N/A,#VALUE!,
,,,p6,Nourhan Eissa,13,University of Sadat City,N/A,N/A,no,no,N/A,N/A,#VALUE!,
,,,p6,Ghada Hadad,13,University of Sadat City,N/A,N/A,no,no,N/A,N/A,#VALUE!,
,,,p6,Mohamed Nayel,13,University of Sadat City,N/A,N/A,no,no,N/A,N/A,#VALUE!,
,,,p6,Akram Salama,13,University of Sadat City,N/A,N/A,no,no,N/A,N/A,#VALUE!,
,,,p6,Walid Mousa,13,University of Sadat City,N/A,N/A,no,no,N/A,N/A,#VALUE!,
,,,p6,Ahmed Kamal,13,University of Sadat City,N/A,N/A,no,no,N/A,N/A,#VALUE!,
,,,p6,Mohamed Elkamshishi,69,Matrouh University ,N/A,N/A,no,no,N/A,N/A,#VALUE!,
,,https://doi.org/10.1101/2023.04.24.538139 ,p7,Claudio Azat,24,"Sustainability Research Center & PhD in Conservation Medicine, Life Science Faculty, Universidad AndrÇs Bello, Rep£blica 440, Santiago, Chile",N/A,N/A,yes,yes,N/A,N/A,#VALUE!,
,,,p7,Mario Alvarado-Rybak,25,"N£cleo de Ciencias Aplicadas en Ciencias Veterinarias y Agron¢micas, Facultad de
  Medicina Veterinaria y Agrono, Chile",N/A,N/A,no,no,N/A,N/A,#VALUE!,
,,,p7,JosÇ Fernando Aguilera,24,"Sustainability Research Center & PhD in Conservation Medicine, Life Science Faculty, Universidad AndrÇs Bello, Rep£blica 440, Santiago, Chile",N/A,N/A,no,no,N/A,N/A,#VALUE!,
,,,p7,Julio A. Benavides,26,"MIVEGEC, IRD, CNRS, UniversitÇ de Montpellier, Montpellier, France",N/A,N/A,yes,no,N/A,N/A,#VALUE!,
,,https://doi.org/10.3390/v14030509,p8,Fatiha El Mellouli,27,"Biodiversity, Ecology and Genome Laboratory, Faculty of Sciences, Mohammed V University in Rabat,
4 Avenue Ibn Battouta, Rabat 10106, Morocco;",N/A,N/A,yes,yes,N/A,N/A,#VALUE!,
,,,p8,Mohamed Mouahid,28,"Mouahid's Veterinary Clinic, Temara 12000, Morocco",N/A,N/A,no,no,N/A,N/A,#VALUE!,
,,,p8,Alice Fusaro,29,"Istituto Zooprofilattico Sperimentale delle Venezie, 35020 Legnaro, Italy",N/A,N/A,no,no,N/A,N/A,#VALUE!,
,,,p8,Bianca Zecchi,29,"Istituto Zooprofilattico Sperimentale delle Venezie, 35020 Legnaro, Italy",N/A,N/A,no,no,N/A,N/A,#VALUE!,
,,,p8,Hasnae Zekhnini ,30,"Immunology and Biodiversity Laboratory, Faculty of Science Ain chock, Hassan II University of Casablanca, Casablanca 20100, Morocco",N/A,N/A,no,no,N/A,N/A,#VALUE!,
,,,p8,Abderrazak El Khantour ,31,"Division of Pharmacy and Veterinary Inputs, Food Safety National Office (ONSSA), Rue Ikhlas Cym,
PB 4509 Akkari, Rabat 10050, Morocco",N/A,N/A,no,no,N/A,N/A,#VALUE!,
,,,p8,Edoardo Giussan ,29,"Istituto Zooprofilattico Sperimentale delle Venezie, 35020 Legnaro, Italy",N/A,N/A,no,no,N/A,N/A,#VALUE!,
,,,p8,Elisa Palumbo,29,"Istituto Zooprofilattico Sperimentale delle Venezie, 35020 Legnaro, Italy",N/A,N/A,no,no,N/A,N/A,#VALUE!,
,,,p8,Hamid Rguibi Idrissi,27,"Biodiversity, Ecology and Genome Laboratory, Faculty of Sciences, Mohammed V University in Rabat,
4 Avenue Ibn Battouta, Rabat 10106, Morocco;",70,"Ecole supÇrieure de Technologie de LÉayoune, Quartier 24 Mars, LÉayoune 3007, Morocco",no,no,N/A,N/A,#VALUE!,
,,,p8,Isabella Monne,29,"Istituto Zooprofilattico Sperimentale delle Venezie, 35020 Legnaro, Italy",N/A,N/A,no,no,N/A,N/A,#VALUE!,
,,,p8,Abdelaziz Benhoussa,27,"Biodiversity, Ecology and Genome Laboratory, Faculty of Sciences, Mohammed V University in Rabat,
4 Avenue Ibn Battouta, Rabat 10106, Morocco;",N/A,N/A,no,no,N/A,N/A,#VALUE!,
,,DOI 10.3389/fmicb.2022.1002522,p9,Zhibin Shi ,32,"State Key Laboratory of Veterinary Biotechnology and National Data Center of Animal Infectious Diseases, Harbin Veterinary Research Institute, Chinese Academy of Agricultural Sciences, Harbin, China",N/A,N/A,no,yes,N/A,N/A,#VALUE!,
,,,p9,Lili Wei,32,"State Key Laboratory of Veterinary Biotechnology and National Data Center of Animal Infectious Diseases, Harbin Veterinary Research Institute, Chinese Academy of Agricultural Sciences, Harbin, China",N/A,N/A,no,yes,N/A,N/A,#VALUE!,
,,,p9,Pengfei Wang,32,"State Key Laboratory of Veterinary Biotechnology and National Data Center of Animal Infectious Diseases, Harbin Veterinary Research Institute, Chinese Academy of Agricultural Sciences, Harbin, China",N/A,N/A,no,no,N/A,N/A,#VALUE!,
,,,p9,Shida Wang ,32,"State Key Laboratory of Veterinary Biotechnology and National Data Center of Animal Infectious Diseases, Harbin Veterinary Research Institute, Chinese Academy of Agricultural Sciences, Harbin, China",N/A,N/A,no,no,N/A,N/A,#VALUE!,
,,,p9,Zaisi Liu,32,"State Key Laboratory of Veterinary Biotechnology and National Data Center of Animal Infectious Diseases, Harbin Veterinary Research Institute, Chinese Academy of Agricultural Sciences, Harbin, China",N/A,N/A,no,no,N/A,N/A,#VALUE!,
,,,p9,Yongping Jian,32,"State Key Laboratory of Veterinary Biotechnology and National Data Center of Animal Infectious Diseases, Harbin Veterinary Research Institute, Chinese Academy of Agricultural Sciences, Harbin, China",N/A,N/A,yes,no,N/A,N/A,#VALUE!,
,,,p9,Jingfei Wang,32,"State Key Laboratory of Veterinary Biotechnology and National Data Center of Animal Infectious Diseases, Harbin Veterinary Research Institute, Chinese Academy of Agricultural Sciences, Harbin, China",N/A,N/A,yes,no,N/A,N/A,#VALUE!,
,,DOI: 10.1111/tbed.14675 ,p10,Carsten Kirkeby,33,"Department of Veterinary and Animal Sciences, Faculty of Health and Medical Sciences, University of Copenhagen, Frederiksberg, Denmark",N/A,N/A,no,yes,N/A,N/A,#VALUE!,
,,,p10,Michael P. Ward,34,"Sydney School of Veterinary Science, Faculty of Science, The University of Sydney, Sydney, NSW, Australia",N/A,N/A,yes,no,N/A,N/A,#VALUE!,
,,https://doi.org/10.1016/j.onehlt.2023.100514,p11,Jiaqi Huang,35,"Department of Epidemiology and Health statistics, School of Public Health, Fudan University, Shanghai, China",36,"Key Laboratory of Public Health Safety, Ministry of Education, Shanghai, China",no,yes,N/A,N/A,#VALUE!,
,,,p11,Ke Li,35,"Department of Epidemiology and Health statistics, School of Public Health, Fudan University, Shanghai, China",36,"Key Laboratory of Public Health Safety, Ministry of Education, Shanghai, China",no,yes,N/A,N/A,#VALUE!,
,,,p11,Shuang Xiao,35,"Department of Epidemiology and Health statistics, School of Public Health, Fudan University, Shanghai, China",36,"Key Laboratory of Public Health Safety, Ministry of Education, Shanghai, China",no,yes,N/A,N/A,#VALUE!,
,,,p11,Jian Hu,35,"Department of Epidemiology and Health statistics, School of Public Health, Fudan University, Shanghai, China",36,"Key Laboratory of Public Health Safety, Ministry of Education, Shanghai, China",no,yes,N/A,N/A,#VALUE!,
,,,p11,Yun Yin,35,"Department of Epidemiology and Health statistics, School of Public Health, Fudan University, Shanghai, China",36,"Key Laboratory of Public Health Safety, Ministry of Education, Shanghai, China",no,no,N/A,N/A,#VALUE!,
,,,p11,Jun Zhang,35,"Department of Epidemiology and Health statistics, School of Public Health, Fudan University, Shanghai, China",36,"Key Laboratory of Public Health Safety, Ministry of Education, Shanghai, China",no,no,N/A,N/A,#VALUE!,
,,,p11,Shuhua Li ,38,"Jinshan District Center for Disease Control and Prevention, Shanghai, China ",N/A,N/A,no,no,N/A,N/A,#VALUE!,
,,,p11,Wenge Wang,35,"Department of Epidemiology and Health statistics, School of Public Health, Fudan University, Shanghai, China",36,"Key Laboratory of Public Health Safety, Ministry of Education, Shanghai, China",no,no,N/A,N/A,#VALUE!,
,,,p11,Jie Hong ,35,"Department of Epidemiology and Health statistics, School of Public Health, Fudan University, Shanghai, China",36,"Key Laboratory of Public Health Safety, Ministry of Education, Shanghai, China",no,no,N/A,N/A,#VALUE!,
,,,p11,Zheng Zhao,35,"Department of Epidemiology and Health statistics, School of Public Health, Fudan University, Shanghai, China",36,"Key Laboratory of Public Health Safety, Ministry of Education, Shanghai, China",no,no,N/A,N/A,#VALUE!,
,,,p11,Xi Chen,35,"Department of Epidemiology and Health statistics, School of Public Health, Fudan University, Shanghai, China",36,"Key Laboratory of Public Health Safety, Ministry of Education, Shanghai, China",no,no,N/A,N/A,#VALUE!,
,,,p11,Yuanhua Liu,35,"Department of Epidemiology and Health statistics, School of Public Health, Fudan University, Shanghai, China",36,"Key Laboratory of Public Health Safety, Ministry of Education, Shanghai, China",no,no,N/A,N/A,#VALUE!,
,,,p11,Jin Shi,35,"Department of Epidemiology and Health statistics, School of Public Health, Fudan University, Shanghai, China",36,"Key Laboratory of Public Health Safety, Ministry of Education, Shanghai, China",no,no,N/A,N/A,#VALUE!,
,,,p11,Fen Hu,35,"Department of Epidemiology and Health statistics, School of Public Health, Fudan University, Shanghai, China",36,"Key Laboratory of Public Health Safety, Ministry of Education, Shanghai, China",no,no,N/A,N/A,#VALUE!,
,,,p11,Xianhui Ran,35,"Department of Epidemiology and Health statistics, School of Public Health, Fudan University, Shanghai, China",36,"Key Laboratory of Public Health Safety, Ministry of Education, Shanghai, China",no,no,N/A,N/A,#VALUE!,
,,,p11,Yue Ge,35,"Department of Epidemiology and Health statistics, School of Public Health, Fudan University, Shanghai, China",36,"Key Laboratory of Public Health Safety, Ministry of Education, Shanghai, China",no,no,N/A,N/A,#VALUE!,
,,,p11,Hao Jiang,35,"Department of Epidemiology and Health statistics, School of Public Health, Fudan University, Shanghai, China",36,"Key Laboratory of Public Health Safety, Ministry of Education, Shanghai, China",no,no,N/A,N/A,#VALUE!,
,,,p11,Zichong Liu,35,"Department of Epidemiology and Health statistics, School of Public Health, Fudan University, Shanghai, China",36,"Key Laboratory of Public Health Safety, Ministry of Education, Shanghai, China",no,no,N/A,N/A,#VALUE!,
,,,p11,Michael P. Ward,37,"University of Sydney School of Veterinary Science, Camden, NSW, Australia",N/A,N/A,yes,no,N/A,N/A,#VALUE!,
,,,p11,Zhijie Zhang,35,"Department of Epidemiology and Health statistics, School of Public Health, Fudan University, Shanghai, China",36,"Key Laboratory of Public Health Safety, Ministry of Education, Shanghai, China",yes,no,N/A,N/A,#VALUE!,
,,DOI: 10.1111/tbed.14722,p12,Se?bastien Lambert ,39,"IHAP, UniversitÇ de Toulouse, INRAE, ENVT, Toulouse, France",N/A,N/A,yes,yes,N/A,N/A,#VALUE!,
,,,p12,Benoit Durand,40,"Agence Nationale de Se?curite? Sanitaire de l'Alimentation, de l'Environnement et du Travail, Universite? Paris-Est, Maisons-Alfort, France ",N/A,N/A,no,no,N/A,N/A,#VALUE!,
,,,p12,Mathieu Andraud,41,"Agence Nationale de Se?curite? Sanitaire de l'Alimentation, de l'Environnement et du Travail, Ploufragan, France ",N/A,N/A,no,no,N/A,N/A,#VALUE!,
,,,p12,Roxane Delacourt,39,"IHAP, UniversitÇ de Toulouse, INRAE, ENVT, Toulouse, France",N/A,N/A,no,no,N/A,N/A,#VALUE!,
,,,p12,Axelle Scoizec ,41,"Agence Nationale de Se?curite? Sanitaire de l'Alimentation, de l'Environnement et du Travail, Ploufragan, France ",N/A,N/A,no,no,N/A,N/A,#VALUE!,
,,,p12,Sophie Le Bouquin,41,"Agence Nationale de Se?curite? Sanitaire de l'Alimentation, de l'Environnement et du Travail, Ploufragan, France ",N/A,N/A,no,no,N/A,N/A,#VALUE!,
,,,p12,Se?verine Rautureau ,42,"Direction Ge?ne?rale de l'Alimentation, Paris, France ",N/A,N/A,no,no,N/A,N/A,#VALUE!,
,,,p12,Billy Bauzile,39,"IHAP, UniversitÇ de Toulouse, INRAE, ENVT, Toulouse, France",N/A,N/A,no,no,N/A,N/A,#VALUE!,
,,,p12,Claire Guinat,43,"Department of Biosystems Science and Engineering, ETH Zurich, Basel, Switzerland ",44,"Swiss Institute of Bioinformatics, Lausanne, Switzerland",no,no,N/A,N/A,#VALUE!,
,,,p12,Lisa Fourtun ,39,"IHAP, UniversitÇ de Toulouse, INRAE, ENVT, Toulouse, France",N/A,N/A,no,no,N/A,N/A,#VALUE!,
,,,p12,Jean-Luc GuÇrin,39,"IHAP, UniversitÇ de Toulouse, INRAE, ENVT, Toulouse, France",N/A,N/A,no,no,N/A,N/A,#VALUE!,
,,,p12,Mathilde C. Paul,39,"IHAP, UniversitÇ de Toulouse, INRAE, ENVT, Toulouse, France",N/A,N/A,no,no,N/A,N/A,#VALUE!,
,,,p12,TimothÇe Vergne,39,"IHAP, UniversitÇ de Toulouse, INRAE, ENVT, Toulouse, France",N/A,N/A,no,no,N/A,N/A,#VALUE!,
,,https://doi.org/10.1007/978-981-19-8765-6_9,p13,Mei-Liang Huang,45,"Graduate Institute of Microbiology and Public Health, College of Veterinary Medicine, National Chung Hsing University, 145 Xingda Rd., Taichung 402, Taiwan",N/A,N/A,no,no,N/A,N/A,#VALUE!,
,,,p13,Hong-Dar Isaac Wu,46,"Department of Applied Mathematics and Institute of Statistics, Taichung 402, Taiwan",N/A,N/A,no,no,N/A,N/A,#VALUE!,
,,,p13,Day-Yu Chao,45,"Graduate Institute of Microbiology and Public Health, College of Veterinary Medicine, National Chung Hsing University, 145 Xingda Rd., Taichung 402, Taiwan",N/A,N/A,yes,no,N/A,N/A,#VALUE!,
,,https:// doi.org/10.3390/vetsci9030135 ,p14,Saleem Ahmad,47,"Veterinary Public Health Lab, College of Veterinary Medicine, Chonnam National University, Gwangju 61186, Korea",N/A,N/A,yes,no,N/A,N/A,#VALUE!,
,,,p14,Kye-Young Koh ,47,"Veterinary Public Health Lab, College of Veterinary Medicine, Chonnam National University, Gwangju 61186, Korea",N/A,N/A,yes,no,N/A,N/A,#VALUE!,
,,,p14,Dae-Sung Yoo,48,"Animal and Plant Quarantine Agency, Gimcheon 39660, Korea",N/A,N/A,no,no,N/A,N/A,#VALUE!,
,,,p14,Jae-Il Lee ,47,"Veterinary Public Health Lab, College of Veterinary Medicine, Chonnam National University, Gwangju 61186, Korea",N/A,N/A,yes,no,N/A,N/A,#VALUE!,
,,DOI: 10.1111/tbed.14490,p15,Debapriyo Chakraborty ,39,"IHAP, UniversitÇ de Toulouse, INRAE, ENVT, Toulouse, France",N/A,N/A,yes,yes,N/A,N/A,#VALUE!,
,,,p15,Claire Guinat,43,"Department of Biosystems Science and Engineering, ETH Zurich, Basel, Switzerland ",44,"Swiss Institute of Bioinformatics, Lausanne, Switzerland",no,no,N/A,N/A,#VALUE!,
,,,p15,Nicola F. MÅller,71,"Vaccine and Infectious Disease, Fred Hutchinson Cancer Research Centre, Seattle, Washington, USA",N/A,N/A,no,no,N/A,N/A,#VALUE!,
,,,p15,Francois-Xavier Briand,72," French Agency for Food, Environmental and Occupational Health & Safety (ANSES) Laboratory of Ploufragan-PlouzanÇ-Niort, Ploufragan, France",N/A,N/A,no,no,N/A,N/A,#VALUE!,
,,,p15,Mathieu Andraud,72," French Agency for Food, Environmental and Occupational Health & Safety (ANSES) Laboratory of Ploufragan-PlouzanÇ-Niort, Ploufragan, France",N/A,N/A,no,no,N/A,N/A,#VALUE!,
,,,p15,Axelle Scoizec,72," French Agency for Food, Environmental and Occupational Health & Safety (ANSES) Laboratory of Ploufragan-PlouzanÇ-Niort, Ploufragan, France",N/A,N/A,no,no,N/A,N/A,#VALUE!,
,,,p15,Sophie Lebouquin,72," French Agency for Food, Environmental and Occupational Health & Safety (ANSES) Laboratory of Ploufragan-PlouzanÇ-Niort, Ploufragan, France",N/A,N/A,no,no,N/A,N/A,#VALUE!,
,,,p15,Eric Niqueux ,72," French Agency for Food, Environmental and Occupational Health & Safety (ANSES) Laboratory of Ploufragan-PlouzanÇ-Niort, Ploufragan, France",N/A,N/A,no,no,N/A,N/A,#VALUE!,
,,,p15,Audrey Schmitz,72," French Agency for Food, Environmental and Occupational Health & Safety (ANSES) Laboratory of Ploufragan-PlouzanÇ-Niort, Ploufragan, France",N/A,N/A,no,no,N/A,N/A,#VALUE!,
,,,p15,Beatrice Grasland,72," French Agency for Food, Environmental and Occupational Health & Safety (ANSES) Laboratory of Ploufragan-PlouzanÇ-Niort, Ploufragan, France",N/A,N/A,no,no,N/A,N/A,#VALUE!,
,,,p15,Jean-Luc Guerin,39,"IHAP, UniversitÇ de Toulouse, INRAE, ENVT, Toulouse, France",N/A,N/A,no,no,N/A,N/A,#VALUE!,
,,,p15,Mathilde C. Paul,39,"IHAP, UniversitÇ de Toulouse, INRAE, ENVT, Toulouse, France",N/A,N/A,no,no,N/A,N/A,#VALUE!,
,,,p15,TimothÇe Vergne,39,"IHAP, UniversitÇ de Toulouse, INRAE, ENVT, Toulouse, France",N/A,N/A,no,no,N/A,N/A,#VALUE!,
,,DOI: 10.1111/tbed.14445 ,p16,Fiona McDuie,49,"Geological Survey, Western Ecological Research Center, Dixon Field Station, Suite D Dixon, California, USA ",50,"San Jose State University Research Foundation, Moss Landing Marine Laboratories, California, USAc",yes,yes,N/A,N/A,#VALUE!,
,,,p16,Elliott L Matchett,49,"Geological Survey, Western Ecological Research Center, Dixon Field Station, Suite D Dixon, California, USA ",N/A,N/A,no,no,N/A,N/A,#VALUE!,
,,,p16,Diann J Prosser,51,"Geological Survey, Eastern Ecological Science Center at the Patuxent Research Refuge (formerly USGS Patuxent Wildlife Research Center), Laurel, Maryland, USA",N/A,N/A,no,no,N/A,N/A,#VALUE!,
,,,p16,John Y Takekawa ,52,"Suisun Resource Conservation District, Suisun Marsh Program, West Sacramento, California, USA",N/A,N/A,no,no,N/A,N/A,#VALUE!,
,,,p16,Maurice E Pitesky,53,"University of California Davis, School of Veterinary Medicine, Poultry Health and Food Safety Epidemiology, One Shields Avenue, Davis, California, USA",N/A,N/A,no,no,N/A,N/A,#VALUE!,
,,,p16,Austen A Lorenz,49,"Geological Survey, Western Ecological Research Center, Dixon Field Station, Suite D Dixon, California, USA ",N/A,N/A,no,no,N/A,N/A,#VALUE!,
,,,p16,Madeline M McCuen,49,"Geological Survey, Western Ecological Research Center, Dixon Field Station, Suite D Dixon, California, USA ",N/A,N/A,no,no,N/A,N/A,#VALUE!,
,,,p16,Overton Cory T,49,"Geological Survey, Western Ecological Research Center, Dixon Field Station, Suite D Dixon, California, USA ",N/A,N/A,no,no,N/A,N/A,#VALUE!,
,,,p16,Joshua T Ackerman,49,"Geological Survey, Western Ecological Research Center, Dixon Field Station, Suite D Dixon, California, USA ",N/A,N/A,no,no,N/A,N/A,#VALUE!,
,,,p16,Susan E. W. De La Cruz,54,"Western Ecological Research Center, San Francisco Bay Estuary Field Station, Moffett Field, California, USA",N/A,N/A,no,no,N/A,N/A,#VALUE!,
,,,p16,Michael L Casazza ,49,"Geological Survey, Western Ecological Research Center, Dixon Field Station, Suite D Dixon, California, USA ",N/A,N/A,no,no,N/A,N/A,#VALUE!,
,,DOI 10.3389/fmicb.2023.1128286,p17,Tengfei Liu,55,"National Avian Influenza Para-Reference Laboratory, College of Veterinary Medicine, South China Agricultural University, Guangzhou, China",N/A,N/A,no,yes,N/A,N/A,#VALUE!,
,,,p17,Shumin Xie ,55,"National Avian Influenza Para-Reference Laboratory, College of Veterinary Medicine, South China Agricultural University, Guangzhou, China",N/A,N/A,no,yes,N/A,N/A,#VALUE!,
,,,p17, Zhiyi Yang,55,"National Avian Influenza Para-Reference Laboratory, College of Veterinary Medicine, South China Agricultural University, Guangzhou, China",N/A,N/A,no,no,N/A,N/A,#VALUE!,
,,,p17,Aimin Zha,55,"National Avian Influenza Para-Reference Laboratory, College of Veterinary Medicine, South China Agricultural University, Guangzhou, China",N/A,N/A,no,no,N/A,N/A,#VALUE!,
,,,p17,Yuting Shi,55,"National Avian Influenza Para-Reference Laboratory, College of Veterinary Medicine, South China Agricultural University, Guangzhou, China",N/A,N/A,no,no,N/A,N/A,#VALUE!,
,,,p17,Lingyu Xu,55,"National Avian Influenza Para-Reference Laboratory, College of Veterinary Medicine, South China Agricultural University, Guangzhou, China",N/A,N/A,no,no,N/A,N/A,#VALUE!,
,,,p17,Junhong Chen,55,"National Avian Influenza Para-Reference Laboratory, College of Veterinary Medicine, South China Agricultural University, Guangzhou, China",N/A,N/A,no,no,N/A,N/A,#VALUE!,
,,,p17,Wenbao Qi ,56,"National Avian Influenza Para-Reference Laboratory, College of Veterinary Medicine, South China Agricultural University, Guangzhou, China",57,"Key Laboratory of Zoonosis, Key Laboratory of Animal Vaccine Development, Ministry of Agriculture and Rural Affairs, Guangzhou, China, ",no,no,58,"Key Laboratory of Zoonoses Prevention and Control of Guangdong Province, Guangzhou, China ",#VALUE!,
,,,p17,Ming Liao,56,"National Avian Influenza Para-Reference Laboratory, College of Veterinary Medicine, South China Agricultural University, Guangzhou, China",57,"Key Laboratory of Zoonosis, Key Laboratory of Animal Vaccine Development, Ministry of Agriculture and Rural Affairs, Guangzhou, China, ",yes,no,58,"Key Laboratory of Zoonoses Prevention and Control of Guangdong Province, Guangzhou, China ",#VALUE!,
,,,p17,Weixin Jia,56,"National Avian Influenza Para-Reference Laboratory, College of Veterinary Medicine, South China Agricultural University, Guangzhou, China",57,"Key Laboratory of Zoonosis, Key Laboratory of Animal Vaccine Development, Ministry of Agriculture and Rural Affairs, Guangzhou, China, ",yes,no,58,"Key Laboratory of Zoonoses Prevention and Control of Guangdong Province, Guangzhou, China ",#VALUE!,
,,https://doi.org/10.1016/j.onehlt.2023.100511,p18,Yanxia Sun ,58,"School of Population Medicine and Public Health, Chinese Academy of Medical Science & Peking Union Medical College, Beijing, China",N/A,N/A,no,yes,N/A,N/A,#VALUE!,
,,,p18,Ting Zhang,58,"School of Population Medicine and Public Health, Chinese Academy of Medical Science & Peking Union Medical College, Beijing, China",N/A,N/A,no,yes,N/A,N/A,#VALUE!,
,,,p18,Xiang Zhao,59,"Department of Influenza, WHO Collaborating Centre for Reference and Research on Influenza, Chinese National Influenza Centre, National Institute for Viral Disease Control and Prevention, Chinese Centre for Disease Control and Prevention, Beijing, China ",N/A,N/A,no,no,N/A,N/A,#VALUE!,
,,,p18,Jie Qian ,58,"School of Population Medicine and Public Health, Chinese Academy of Medical Science & Peking Union Medical College, Beijing, China",N/A,N/A,no,no,N/A,N/A,#VALUE!,
,,,p18,Mingyue Jiang,58,"School of Population Medicine and Public Health, Chinese Academy of Medical Science & Peking Union Medical College, Beijing, China",N/A,N/A,no,no,N/A,N/A,#VALUE!,
,,,p18,Mengmeng Jia,58,"School of Population Medicine and Public Health, Chinese Academy of Medical Science & Peking Union Medical College, Beijing, China",N/A,N/A,no,no,N/A,N/A,#VALUE!,
,,,p18,Yunshao Xu,58,"School of Population Medicine and Public Health, Chinese Academy of Medical Science & Peking Union Medical College, Beijing, China",N/A,N/A,no,no,N/A,N/A,#VALUE!,
,,,p18,Weizhong Yang,58,"School of Population Medicine and Public Health, Chinese Academy of Medical Science & Peking Union Medical College, Beijing, China",N/A,N/A,yes,no,N/A,N/A,#VALUE!,
,,,p18,Luzhao Feng,58,"School of Population Medicine and Public Health, Chinese Academy of Medical Science & Peking Union Medical College, Beijing, China",N/A,N/A,yes,no,N/A,N/A,#VALUE!,
,,https://doi.org/10.3390/vetsci9070344,p19,Malin Grant ,60,"Department of Disease Control and Epidemiology, National Veterinary Institute, 751 89 Uppsala, Sweden",61,"Department of Clinical Sciences, Swedish University of Agricultural Sciences, 750 07 Uppsala, Sweden",no,yes,N/A,N/A,#VALUE!,
,,,p19,Caroline Brîjer ,62,"Department of Pathology and Wildlife Diseases, National Veterinary Institute, 751 89 Uppsala, Sweden;",N/A,N/A,no,no,N/A,N/A,#VALUE!,
,,,p19,Siamak Zohari,63,"Department of Microbiology, National Veterinary Institute, 751 89 Uppsala, Sweden",N/A,N/A,no,no,N/A,N/A,#VALUE!,
,,,p19,Maria No?remark ,60,"Department of Disease Control and Epidemiology, National Veterinary Institute, 751 89 Uppsala, Sweden",N/A,N/A,no,no,N/A,N/A,#VALUE!,
,,,p19,Henrik Uhlhorn,62,"Department of Pathology and Wildlife Diseases, National Veterinary Institute, 751 89 Uppsala, Sweden;",N/A,N/A,no,no,N/A,N/A,#VALUE!,
,,,p19,DÇsirÇe S. Jansson,64,"Department of Animal Health and Antimicrobial Strategies, National Veterinary Institute,
751 89 Uppsala, Sweden",61,"Department of Clinical Sciences, Swedish University of Agricultural Sciences, 750 07 Uppsala, Sweden",yes,no,N/A,N/A,#VALUE!,
,,https://doi.org/10.1007/s11427-021-2025-y,p20,Pengfei Cui,65,"State Key Laboratory of Veterinary Biotechnology, Harbin Veterinary Research Institute, Chinese Academy of Agricultural Sciences, Harbin 150069, China;",N/A,N/A,no,yes,N/A,N/A,#VALUE!,
,,,p20,Xianying Zeng,65,"State Key Laboratory of Veterinary Biotechnology, Harbin Veterinary Research Institute, Chinese Academy of Agricultural Sciences, Harbin 150069, China;",N/A,N/A,no,yes,N/A,N/A,#VALUE!,
,,,p20,Xuyong Li,66,"College of Agronomy, Liaocheng University, Liaocheng 252000, China;",N/A,N/A,no,yes,N/A,N/A,#VALUE!,
,,,p20,Yanbing Li,65,"State Key Laboratory of Veterinary Biotechnology, Harbin Veterinary Research Institute, Chinese Academy of Agricultural Sciences, Harbin 150069, China;",N/A,N/A,no,yes,N/A,N/A,#VALUE!,
,,,p20,Jianzhong Shi,65,"State Key Laboratory of Veterinary Biotechnology, Harbin Veterinary Research Institute, Chinese Academy of Agricultural Sciences, Harbin 150069, China;",N/A,N/A,no,yes,N/A,N/A,#VALUE!,
,,,p20,Conghui Zhao ,65,"State Key Laboratory of Veterinary Biotechnology, Harbin Veterinary Research Institute, Chinese Academy of Agricultural Sciences, Harbin 150069, China;",N/A,N/A,no,no,N/A,N/A,#VALUE!,
,,,p20,Zhiyuan Qu ,65,"State Key Laboratory of Veterinary Biotechnology, Harbin Veterinary Research Institute, Chinese Academy of Agricultural Sciences, Harbin 150069, China;",N/A,N/A,no,no,N/A,N/A,#VALUE!,
,,,p20,Yanwen Wang,66,"College of Agronomy, Liaocheng University, Liaocheng 252000, China;",N/A,N/A,no,no,N/A,N/A,#VALUE!,
,,,p20,Jing Guo,66,"College of Agronomy, Liaocheng University, Liaocheng 252000, China;",N/A,N/A,no,no,N/A,N/A,#VALUE!,
,,,p20,Wenli Gu ,65,"State Key Laboratory of Veterinary Biotechnology, Harbin Veterinary Research Institute, Chinese Academy of Agricultural Sciences, Harbin 150069, China;",N/A,N/A,no,no,N/A,N/A,#VALUE!,
,,,p20,Qi Ma,66,"State Key Laboratory of Veterinary Biotechnology, Harbin Veterinary Research Institute, Chinese Academy of Agricultural Sciences, Harbin 150069, China;",N/A,N/A,no,no,N/A,N/A,#VALUE!,
,,,p20,Yuancheng Zhang ,67,"State Key Laboratory of Veterinary Biotechnology, Harbin Veterinary Research Institute, Chinese Academy of Agricultural Sciences, Harbin 150069, China;",N/A,N/A,no,no,N/A,N/A,#VALUE!,
,,,p20,Weipeng Lin,68,"State Key Laboratory of Veterinary Biotechnology, Harbin Veterinary Research Institute, Chinese Academy of Agricultural Sciences, Harbin 150069, China;",N/A,N/A,no,no,N/A,N/A,#VALUE!,
,,,p20,Minghui Li,69,"State Key Laboratory of Veterinary Biotechnology, Harbin Veterinary Research Institute, Chinese Academy of Agricultural Sciences, Harbin 150069, China;",N/A,N/A,no,no,N/A,N/A,#VALUE!,
,,,p20,Jingman Tian ,70,"State Key Laboratory of Veterinary Biotechnology, Harbin Veterinary Research Institute, Chinese Academy of Agricultural Sciences, Harbin 150069, China;",N/A,N/A,no,no,N/A,N/A,#VALUE!,
,,,p20,Dongxue Wang,71,"State Key Laboratory of Veterinary Biotechnology, Harbin Veterinary Research Institute, Chinese Academy of Agricultural Sciences, Harbin 150069, China;",N/A,N/A,no,no,N/A,N/A,#VALUE!,
,,,p20,Xin Xing ,72,"State Key Laboratory of Veterinary Biotechnology, Harbin Veterinary Research Institute, Chinese Academy of Agricultural Sciences, Harbin 150069, China;",N/A,N/A,no,no,N/A,N/A,#VALUE!,
,,,p20,Yanjing Liu,73,"State Key Laboratory of Veterinary Biotechnology, Harbin Veterinary Research Institute, Chinese Academy of Agricultural Sciences, Harbin 150069, China;",N/A,N/A,no,no,N/A,N/A,#VALUE!,
,,,p20,Shuxin Pan,74,"State Key Laboratory of Veterinary Biotechnology, Harbin Veterinary Research Institute, Chinese Academy of Agricultural Sciences, Harbin 150069, China;",N/A,N/A,no,no,N/A,N/A,#VALUE!,
,,,p20,Yaping Zhang ,75,"State Key Laboratory of Veterinary Biotechnology, Harbin Veterinary Research Institute, Chinese Academy of Agricultural Sciences, Harbin 150069, China;",N/A,N/A,no,no,N/A,N/A,#VALUE!,
,,,p20,Hongmei Bao ,76,"State Key Laboratory of Veterinary Biotechnology, Harbin Veterinary Research Institute, Chinese Academy of Agricultural Sciences, Harbin 150069, China;",N/A,N/A,no,no,N/A,N/A,#VALUE!,
,,,p20,Liling Liu,77,"State Key Laboratory of Veterinary Biotechnology, Harbin Veterinary Research Institute, Chinese Academy of Agricultural Sciences, Harbin 150069, China;",N/A,N/A,no,no,N/A,N/A,#VALUE!,
,,,p20,Guobin Tian,78,"State Key Laboratory of Veterinary Biotechnology, Harbin Veterinary Research Institute, Chinese Academy of Agricultural Sciences, Harbin 150069, China;",N/A,N/A,no,no,N/A,N/A,#VALUE!,
,,,p20,Chengjun Li,65,"State Key Laboratory of Veterinary Biotechnology, Harbin Veterinary Research Institute, Chinese Academy of Agricultural Sciences, Harbin 150069, China;",67,Guangdong Laboratory for Lingnan Modern Agriculture,no,no,N/A,N/A,#VALUE!,
,,,p20,Guohua Deng ,65,"State Key Laboratory of Veterinary Biotechnology, Harbin Veterinary Research Institute, Chinese Academy of Agricultural Sciences, Harbin 150069, China;",N/A,N/A,no,no,N/A,N/A,#VALUE!,
,,,p20,Hualan Chen,65,"State Key Laboratory of Veterinary Biotechnology, Harbin Veterinary Research Institute, Chinese Academy of Agricultural Sciences, Harbin 150069, China;",67,Guangdong Laboratory for Lingnan Modern Agriculture,yes,no,N/A,N/A,#VALUE!,
,,doi:10.2903/sp.efsa.2022.EN-7762 ,p21,G. Gargallo,81,"Catalan Ornithological Institute, Barcelona, Spain",82,"EuroBirdPortal/EBCC, Barcelona, Spain",no,yes,N/A,N/A,#VALUE!,biohaw@efsa.europa.eu 
,,,p21, J.G. Davies,83,"BTO Scotland, Stirling, UK",N/A,N/A,no,no,N/A,N/A,#VALUE!,
,,,p21,C. Faverjon,84,"Ausvet Europe, Lyon, France",N/A,N/A,no,no,N/A,N/A,#VALUE!,
,,,p21,C. Kampichler,85,"Sovon, Dutch Centre for Field Ornithology, Nijmegen, Netherlands ",N/A,N/A,no,no,N/A,N/A,#VALUE!,
,,,p21,S.R. Baillie,82,"EuroBirdPortal/EBCC, Barcelona, Spain",86,"BTO, Thetford, UK ",no,no,87,"EURING, Thetford, UK",#VALUE!,
,,,p21,A. Cameron ,84,"Ausvet Europe, Lyon, France",N/A,N/A,no,no,N/A,N/A,#VALUE!,
,,,p21,R.A. Robinson ,83,"BTO, Thetford, UK",87,"EURING, Thetford, UK",no,no,N/A,N/A,#VALUE!,
,,,p21,H. Sierdsema,85,"Sovon, Dutch Centre for Field Ornithology, Nijmegen, Netherlands",N/A,N/A,no,no,N/A,N/A,#VALUE!,
,,,p22,Isha Berry ,88,"Dalla Lana School of Public Health, University of Toronto, Toronto, ON, Canada",N/A,N/A,yes,yes,N/A,N/A,#VALUE!,
,,,p22,Mahbubur Rahman ,89,"Institute of Epidemiology, Disease Control and Research, Dhaka, Bangladesh",N/A,N/A,no,no,N/A,N/A,#VALUE!,
,,,p22,Meerjady Sabrina Flora ,89,"Institute of Epidemiology, Disease Control and Research, Dhaka, Bangladesh",90,"Ministry of Health and Family Welfare, Government of Bangladesh, Dhaka, Bangladesh ",no,no,N/A,N/A,#VALUE!,
,,,p22,Tahmina Shirin,89,"Institute of Epidemiology, Disease Control and Research, Dhaka, Bangladesh",N/A,N/A,no,no,N/A,N/A,#VALUE!,
,,,p22,A S M Alamgir,89,"Institute of Epidemiology, Disease Control and Research, Dhaka, Bangladesh",N/A,N/A,no,no,N/A,N/A,#VALUE!,
,,,p22,Manjur Hossain Khan,89,"Institute of Epidemiology, Disease Control and Research, Dhaka, Bangladesh",N/A,N/A,no,no,N/A,N/A,#VALUE!,
,,,p22,Rubaid Anwar ,89,"Institute of Epidemiology, Disease Control and Research, Dhaka, Bangladesh",N/A,N/A,no,no,N/A,N/A,#VALUE!,
,,,p22,Mona Lisa,89,"Institute of Epidemiology, Disease Control and Research, Dhaka, Bangladesh",N/A,N/A,no,no,N/A,N/A,#VALUE!,
,,,p22,Fahmida Chowdhury ,91,"International Centre for Diarrhoeal Disease Research, Bangladesh, Dhaka, Bangladesh",N/A,N/A,no,no,N/A,N/A,#VALUE!,
,,,p22,Md Ariful Islam ,91,"International Centre for Diarrhoeal Disease Research, Bangladesh, Dhaka, Bangladesh",N/A,N/A,no,no,N/A,N/A,#VALUE!,
,,,p22,Muzzafar G Osmani ,92,"Department of Livestock Services, Ministry of Fisheries and Livestock, Dhaka, Bangladesh ",N/A,N/A,no,no,N/A,N/A,#VALUE!,
,,,p22,Stacie Dunkle,93,"Food and Agriculture Organization of the United Nations Emergency Center for Transboundary Animal Diseases, Dhaka, Bangladesh",N/A,N/A,no,no,N/A,N/A,#VALUE!,
,,,p22,Eric Brum ,93,"Food and Agriculture Organization of the United Nations Emergency Center for Transboundary Animal Diseases, Dhaka, Bangladesh",N/A,N/A,no,no,N/A,N/A,#VALUE!,
,,,p22,Amy L Greer,88,"Dalla Lana School of Public Health, University of Toronto, Toronto, ON, Canada",94,"Department of Population Medicine, Ontario Veterinary College, University of Guelph, Guelph, ON, Canada ",no,no,N/A,N/A,#VALUE!,
,,,p22,Shaun K Morris,88,"Dalla Lana School of Public Health, University of Toronto, Toronto, ON, Canada",N/A,N/A,no,no,N/A,N/A,#VALUE!,
,,,p22,Punam Mangtani,95,"Division of Infectious Diseases, Center for Global Child Health, and Child Health Evaluative Sciences, The Hospital for Sick Children, Toronto, ON, Canada",96,"London School of Hygiene & Tropical Medicine, London, UK ",no,no,N/A,N/A,#VALUE!,
,,,p22,David N Fisman ,88,"Dalla Lana School of Public Health, University of Toronto, Toronto, ON, Canada",N/A,N/A,no,no,N/A,N/A,#VALUE!,
,,DOI: 10.1111/tbed.14351,p23,Hao Tang ,97,"China Animal Health and Epidemiology
Centre, Qingdao, China",98,"School of Veterinary Medicine, Murdoch University, Perth, Australia ",yes,yes,N/A,N/A,#VALUE!,
,,,p23,Guillaume FourniÇ,99,"Royal Veterinary College, University of London, Hatfield, UK",N/A,N/A,no,no,N/A,N/A,#VALUE!,
,,,p23,Jinming Li ,97,"China Animal Health and Epidemiology
Centre, Qingdao, China",N/A,N/A,no,no,N/A,N/A,#VALUE!,
,,,p23,Lianbin Zou,100,"Guangxi Centre of Animal Disease Prevention and Control, Nanning, China ",N/A,N/A,no,no,N/A,N/A,#VALUE!,
,,,p23,Chaojian Shen ,97,"China Animal Health and Epidemiology
Centre, Qingdao, China",N/A,N/A,no,no,N/A,N/A,#VALUE!,
,,,p23,Youming Wang ,97,"China Animal Health and Epidemiology
Centre, Qingdao, China",N/A,N/A,no,no,N/A,N/A,#VALUE!,
,,,p23,Chang Cai,101,"China Australia Joint Laboratory for Animal Health Big Data Analytics, College of Animal Science and Technology, Zhejiang Agricultural and Forestry University, Hangzhou, China",N/A,N/A,no,no,N/A,N/A,#VALUE!,
,,,p23,John Edwards,97,"China Animal Health and Epidemiology
Centre, Qingdao, China",98,"School of Veterinary Medicine, Murdoch University, Perth, Australia ",no,no,N/A,N/A,#VALUE!,
,,,p23,Ian D. Robertson,98,"School of Veterinary Medicine, Murdoch University, Perth, Australia ",102,"Hubei International Scientific and Technological Cooperation Base of Veterinary Epidemiology, Huazhong Agricultural University, Wuhan, China",no,no,N/A,N/A,#VALUE!,
,,,p23,Baoxu Huang,97,"China Animal Health and Epidemiology
Centre, Qingdao, China",N/A,N/A,no,no,N/A,N/A,#VALUE!,
,,,p23,Mieghan Bruce ,98,"School of Veterinary Medicine, Murdoch University, Perth, Australia",103,"Centre for Biosecurity and One Health, Harry Butler Institute, Murdoch University, Perth, Australia ",no,no,N/A,N/A,#VALUE!,
,,DOI: 10.1111/tbed.14722,p24,Se?bastien Lambert ,104,"IHAP, Universite? de Toulouse, INRAE, ENVT, Toulouse, France ",N/A,N/A,yes,yes,N/A,N/A,#VALUE!,
,,,p24,Benoit Durand ,105,"Agence Nationale de Se?curite? Sanitaire de l'Alimentation, de l'Environnement et du Travail, Universite? Paris-Est, Maisons-Alfort, France ",N/A,N/A,no,no,N/A,N/A,#VALUE!,
,,,p24,Mathieu Andraud,106,"Agence Nationale de Se?curite? Sanitaire de l'Alimentation, de l'Environnement et du Travail, Ploufragan, France ",N/A,N/A,no,no,N/A,N/A,#VALUE!,
,,,p24,Roxane Delacourt ,104,"IHAP, Universite? de Toulouse, INRAE, ENVT, Toulouse, France ",N/A,N/A,no,no,N/A,N/A,#VALUE!,
,,,p24,Axelle Scoizec ,106,"Agence Nationale de Se?curite? Sanitaire de l'Alimentation, de l'Environnement et du Travail, Ploufragan, France ",N/A,N/A,no,no,N/A,N/A,#VALUE!,
,,,p24,Sophie Le Bouquin,106,"Agence Nationale de Se?curite? Sanitaire de l'Alimentation, de l'Environnement et du Travail, Ploufragan, France ",N/A,N/A,no,no,N/A,N/A,#VALUE!,
,,,p24,Se?verine Rauturea ,107,"Direction Ge?ne?rale de l'Alimentation, Paris, France ",N/A,N/A,no,no,N/A,N/A,#VALUE!,
,,,p24,Billy Bauzile,104,"IHAP, Universite? de Toulouse, INRAE, ENVT, Toulouse, France ",N/A,N/A,no,no,N/A,N/A,#VALUE!,
,,,p24,Claire Guinat,43,"Department of Biosystems Science and Engineering, ETH Zurich, Basel, Switzerland ",44,"Swiss Institute of Bioinformatics, Lausanne, Switzerland ",no,no,N/A,N/A,#VALUE!,
,,,p24,Lisa Fourtune ,104,"IHAP, Universite? de Toulouse, INRAE, ENVT, Toulouse, France ",N/A,N/A,no,no,N/A,N/A,#VALUE!,
,,,p24,Jean-Luc Gue?rin ,104,"IHAP, Universite? de Toulouse, INRAE, ENVT, Toulouse, France ",N/A,N/A,no,no,N/A,N/A,#VALUE!,
,,,p24,Mathilde C. Paul,104,"IHAP, Universite? de Toulouse, INRAE, ENVT, Toulouse, France ",N/A,N/A,no,no,N/A,N/A,#VALUE!,
,,,p24,Timothe?e Vergne ,104,"IHAP, Universite? de Toulouse, INRAE, ENVT, Toulouse, France ",N/A,N/A,no,no,N/A,N/A,#VALUE!,
,,DOI: 10.1002/eap.2906 ,p25,Cody M. Kent,110,"Department of Environmental Science and Technology, University of Maryland, College Park, Maryland, USA",111,"Department of Biology, Frostburg State University, Frostburg, Maryland, USA ",yes,yes,N/A,N/A,#VALUE!,
,,,p25,Sarah N. Bevins ,112,"US Department of Agriculture, Wildlife Services, National Wildlife Disease Program, Fort Collins, Colorado, USA",N/A,N/A,no,no,N/A,N/A,#VALUE!,
,,,p25,Jennifer M. Mullinax,110,"Department of Environmental Science and Technology, University of Maryland, College Park, Maryland, USA ",N/A,N/A,no,no,N/A,N/A,#VALUE!,
,,,p25,Jeffery D. Sulliva ,113,"US Geological Survey, Eastern Ecological Science Center, Laurel, Maryland, USA",N/A,N/A,no,no,N/A,N/A,#VALUE!,
,,,p25,Diann J. Prosser ,113,"US Geological Survey, Eastern Ecological Science Center, Laurel, Maryland, USA",N/A,N/A,no,no,N/A,N/A,#VALUE!,
,,https://doi.org/10.1155/2023/8499018 ,p26,Ariful Islam ,108,"EcoHealth Alliance, New York, NY 10018, USA",109,"Centre for Integrative Ecology, School of Life and Environmental Sciences, Deakin University, Geelong, Victoria,
VIC 3216, Australia",yes ,yes ,N/A,N/A,#VALUE!,
,,,p26,Tasnim Ara ,108,"EcoHealth Alliance, New York, NY 10018, USA",114,"Institute of Epidemiology, Disease Control and Research (IEDCR), Dhaka 1212, Bangladesh",no,no,N/A,N/A,#VALUE!,
,,,p26,Emama Amin ,108,"EcoHealth Alliance, New York, NY 10018, USA",114,"Institute of Epidemiology, Disease Control and Research (IEDCR), Dhaka 1212, Bangladesh",no,no,N/A,N/A,#VALUE!,
,,,p26,Shariful Islam,108,"EcoHealth Alliance, New York, NY 10018, USA",114,"Institute of Epidemiology, Disease Control and Research (IEDCR), Dhaka 1212, Bangladesh",no,no,N/A,N/A,#VALUE!,
,,,p26,Md. Abu Sayeed,108,"EcoHealth Alliance, New York, NY 10018, USA",114,"Institute of Epidemiology, Disease Control and Research (IEDCR), Dhaka 1212, Bangladesh",no,no,N/A,N/A,#VALUE!,
,,,p26,Tahmina Shirin ,114,"Institute of Epidemiology, Disease Control and Research (IEDCR), Dhaka 1212, Bangladesh",,,no,no,N/A,N/A,#VALUE!,
,,,p26,Mohammad Mahmudul Hassan ,115,"Queensland Alliance for One Health Sciences, School of Veterinary Science, Te University of Queensland, Brisbane,
QLD 4343, Australia",116,"Faculty of Veterinary Medicine, Chattogram Veterinary and Animal Sciences University, Chattogram 4225, Bangladesh ",no,no,N/A,N/A,#VALUE!,
,,,p26,Marcel Klaassen,109,"Centre for Integrative Ecology, School of Life and Environmental Sciences, Deakin University, Geelong, Victoria,
VIC 3216, Australia",N/A,N/A,no,no,N/A,N/A,#VALUE!,
,,,p26,Jonathan H. Epstein ,108,"EcoHealth Alliance, New York, NY 10018, USA",N/A,N/A,no,no,N/A,N/A,#VALUE!,
,,,p27,Dae-sung Yoo ,48,"Animal and Plant Quarantine Agency, Gimcheon 39660, Korea",N/A,N/A,no,yes,N/A,N/A,#VALUE!,
,,,p27,Sung-Il Kang,48,"Animal and Plant Quarantine Agency, Gimcheon 39660, Korea",N/A,N/A,no,yes,N/A,N/A,#VALUE!,
,,,p27,Yu-Na Lee ,48,"Animal and Plant Quarantine Agency, Gimcheon 39660, Korea",N/A,N/A,no,yes,N/A,N/A,#VALUE!,
,,,p27,Eun-Kyoung Lee ,117,"Honam National Institute of Biological Resources, Mokpo 58762, Korea",N/A,N/A,no,no,N/A,N/A,#VALUE!,
,,,p27,Youn-Jeong Lee ,48,"Animal and Plant Quarantine Agency, Gimcheon 39660, Korea",N/A,N/A,yes,no,N/A,N/A,#VALUE!,
,,,p28,Claire Guinat ,43,"Department of Biosystems Science and Engineering, ETH ZÅrich, 4058 Basel, Switzerland; ",44,"Swiss Institute of Bioinformatics, 1015 Lausanne, Switzerland",yes,yes,N/A,N/A,#VALUE!,
,,,p28,Hao Tang ,103,"Centre for Biosecurity and One Health, Harry Butler Institute, Murdoch University, Murdoch, WA 6150, Australia; ",N/A,N/A,no,no,N/A,N/A,#VALUE!,
,,,p28,Qiqi Yang ,119,"Department of Ecology and Evolutionary Biology, Princeton University, Princeton, NJ 08544;",N/A,N/A,no,no,N/A,N/A,USA,
,,,p28,Cecilia Valenzuela Agu? ,43,"Department of Biosystems Science and Engineering, ETH ZÅrich, 4058 Basel, Switzerland; ",44,"Swiss Institute of Bioinformatics, 1015 Lausanne, Switzerland",no,no,N/A,N/A,Switzerland,
,,,p28,Timothy G. Vaughan,43,"Department of Biosystems Science and Engineering, ETH ZÅrich, 4058 Basel, Switzerland; ",44,"Swiss Institute of Bioinformatics, 1015 Lausanne, Switzerland",no,no,N/A,N/A,Switzerland,
,,,p28,Je?re?mie Scire ,43,"Department of Biosystems Science and Engineering, ETH ZÅrich, 4058 Basel, Switzerland; ",44,"Swiss Institute of Bioinformatics, 1015 Lausanne, Switzerland",no,no,N/A,N/A,Switzerland,
,,,p28,Hongjie Yu,122,"Key Laboratory of Public Health Safety, Ministry of Education, 
School of Public Health, Fudan University, 200032 Shanghai, China, ",N/A,N/A,no,no,N/A,N/A,China,
,,,p28,Wei Wang,122,"Key Laboratory of Public Health Safety, Ministry of Education, 
School of Public Health, Fudan University, 200032 Shanghai, China, ",N/A,N/A,no,no,N/A,N/A,#VALUE!,
,,,p28,Zhiyuan Chen,122,"Key Laboratory of Public Health Safety, Ministry of Education, 
School of Public Health, Fudan University, 200032 Shanghai, China, ",N/A,N/A,no,no,N/A,N/A,#VALUE!,
,,,p28,Mariette F. Ducatez ,121,"Unit of Host-Pathogens Interactions, University of Toulouse, National Research Institute for Agriculture, Food and the Environment, National Veterinary School of Toulouse, 31300 Toulouse, France",N/A,N/A,no,no,N/A,N/A,#VALUE!,
,,,p28,Tanja Stadler,43,"Department of Biosystems Science and Engineering, ETH ZÅrich, 4058 Basel, Switzerland; ",44,"Swiss Institute of Bioinformatics, 1015 Lausanne, Switzerland",no,no,N/A,N/A,#VALUE!,
,,,p31,Jacqueline King ,123,"Institute of Diagnostic Virology, Friedrich-Loeffler-Institut, 17493 Greifswald-Insel Riems, Germany ",,,,,,,,
,,,p31,Christoph Staubach ,124,"Institute of Epidemiology, Friedrich-Loeffler-Institut, 17493 Greifswald-Insel Riems, Germany ",,,,,,,,
,,,p31,Christiane Lu?der ,124,"Institute of Epidemiology, Friedrich-Loeffler-Institut, 17493 Greifswald-Insel Riems, Germany ",,,,,,,,
,,,p31,Susanne Koethe ,123,"Institute of Diagnostic Virology, Friedrich-Loeffler-Institut, 17493 Greifswald-Insel Riems, Germany ",,,,,,,,
,,,p31,Anne Gu?nther ,123,"Institute of Diagnostic Virology, Friedrich-Loeffler-Institut, 17493 Greifswald-Insel Riems, Germany ",,,,,,,,
,,,p31,Lina Stacker ,123,"Institute of Diagnostic Virology, Friedrich-Loeffler-Institut, 17493 Greifswald-Insel Riems, Germany ",,,,,,,,
,,,p31,Dennis Rubbenstroth,123,"Institute of Diagnostic Virology, Friedrich-Loeffler-Institut, 17493 Greifswald-Insel Riems, Germany ",,,,,,,,
,,,p31,Klaas Dietze,,,,,,,,,,
,,,p31,Christian Grund,123,"Institute of Diagnostic Virology, Friedrich-Loeffler-Institut, 17493 Greifswald-Insel Riems, Germany ",,,,,,,,
,,,p31,Franz J. Conraths,124,"Institute of Epidemiology, Friedrich-Loeffler-Institut, 17493 Greifswald-Insel Riems, Germany ",,,,,,,,
,,,p31,Timm Harde,123,"Institute of Diagnostic Virology, Friedrich-Loeffler-Institut, 17493 Greifswald-Insel Riems, Germany ",,,,,,,,
,,,p31,Martin Beer,123,"Institute of Diagnostic Virology, Friedrich-Loeffler-Institut, 17493 Greifswald-Insel Riems, Germany ",,,,,,,,
,,,p31,Anne Pohlmann,125,"Institute for International Animal Health/One Health, Friedrich-Loeffler-Institut,
17493 Greifswald-Insel Riems, Germany",,,,,,,,
