,,DOI,Paper associated ,Author,Affiliation code 1,Afilliation name 1,Affiliation code 2,Affiliation name 2,Corresponding author  ,First author,Afilliation code 3,Affiliation name 3,Country ,,,,,,,,,,,,,,,,,,,,,,,,,,,,,,,,,,,,,,,,,,,,,,,,,,,,,,,,,,,,,,,,,,,,,
,,DOI: 10.1111/tbed.14672,p1,Hye-Jeong Jeon ,1,"Korea Institute of Ornithology, KyungHee University, Seoul,",2,"Department of Biology, KyungHee University, Seoul",no,no,N/A,N/A,#UNKNOWN!,,,,,,,,,,,,,,,,,,,,,,,,,,,,,,,,,,,,,,,,,,,,,,,,,,,,,,,,,,,,,,,,,,,,,
,,DOI: 10.1111/tbed.14670,p1,Mi-Jin Hong,1,"Korea Institute of Ornithology, KyungHee University, Seoul,",2,"Department of Biology, KyungHee University, Seoul",no,no,N/A,N/A,#UNKNOWN!,,,,,,,,,,,,,,,,,,,,,,,,,,,,,,,,,,,,,,,,,,,,,,,,,,,,,,,,,,,,,,,,,,,,,
,,DOI: 10.1111/tbed.14671,p1,Min-Seung Yang ,1,"Korea Institute of Ornithology, KyungHee University, Seoul,",3,"Department of Biology, KyungHee University, Seoul",no,no,N/A,N/A,#UNKNOWN!,,,,,,,,,,,,,,,,,,,,,,,,,,,,,,,,,,,,,,,,,,,,,,,,,,,,,,,,,,,,,,,,,,,,,
,,DOI: 10.1111/tbed.14669,p1,Seongho Yun ,1,"Korea Institute of Ornithology, KyungHee University, Seoul,",N/A,N/A,no,yes,N/A,N/A,#UNKNOWN!,#UNKNOWN!,,,,,,,,,,,,,,,,,,,,,,,,,,,,,,,,,,,,,,,,,,,,,,,,,,,,,,,,,,,,,,,,,,,,
,,DOI: 10.1111/tbed.14673,p1,Who-Seung Lee,3,"Environment Assessment Group, Korea Environment Institute, Sejong",N/A,N/A,yes,no,N/A,N/A,#UNKNOWN!,,,,,,,,,,,,,,,,,,,,,,,,,,,,,,,,,,,,,,,,,,,,,,,,,,,,,,,,,,,,,,,,,,,,,
,,DOI: 10.1111/tbed.14377,p2,Byung Chul Chun,4,"Department of Public Health, College of Medicine, Korea University, Seoul",N/A,N/A,no,no,N/A,N/A,#UNKNOWN!,,,,,,,,,,,,,,,,,,,,,,,,,,,,,,,,,,,,,,,,,,,,,,,,,,,,,,,,,,,,,,,,,,,,,
,,DOI: 10.1111/tbed.14376,p2,Dae-Sung Yoo,4,"Department of Public Health, College of Medicine, Korea University, Seoul",N/A,N/A,yes,yes,N/A,N/A,#UNKNOWN!,,,,,,,,,,,,,,,,,,,,,,,,,,,,,,,,,,,,,,,,,,,,,,,,,,,,,,,,,,,,,,,,,,,,,
,,DOI: 10.1111/tbed.14378,p2,Kwang-Nyeong Lee,4,"Department of Public Health, College of Medicine, Korea University, Seoul",N/A,N/A,no,no,N/A,N/A,#UNKNOWN!,,,,,,,,,,,,,,,,,,,,,,,,,,,,,,,,,,,,,,,,,,,,,,,,,,,,,,,,,,,,,,,,,,,,,
,,DOI: 10.1111/tbed.14379,p2,Kyuyoung Lee ,5,"Center for Animal Disease Modeling and Surveillance (CADMS), Department of Medicine and Epidemiology, School of Veterinary Medicine, University of California, Davis, California, USA ",N/A,N/A,no,yes,N/A,N/A,#UNKNOWN!,,,,,,,,,,,,,,,,,,,,,,,,,,,,,,,,,,,,,,,,,,,,,,,,,,,,,,,,,,,,,,,,,,,,,
,,DOI: 10.1111/tbed.14380,p2,Marti?nez Lo?pez Beatri ,5,"Center for Animal Disease Modeling and Surveillance (CADMS), Department of Medicine and Epidemiology, School of Veterinary Medicine, University of California, Davis, California, USA ",N/A,N/A,no,no,N/A,N/A,#UNKNOWN!,,,,,,,,,,,,,,,,,,,,,,,,,,,,,,,,,,,,,,,,,,,,,,,,,,,,,,,,,,,,,,,,,,,,,
,,DOI: 10.1111/tbed.14381,p2,Jaber Belkhiria ,6,"One Health Institute, School of Veterinary Medicine, University of California, Davis, California, USA",N/A,N/A,no,no,N/A,N/A,#UNKNOWN!,,,,,,,,,,,,,,,,,,,,,,,,,,,,,,,,,,,,,,,,,,,,,,,,,,,,,,,,,,,,,,,,,,,,,
,,https://doi.org/10.1007/s11356-022-19016-5,p3,Hongru Bi ,7,"College of Geoscience and Surveying Engineering, University of Mining & Technology, Beijing 100083, China
",N/A,N/A,no,no,N/A,N/A,#UNKNOWN!,,,,,,,,,,,,,,,,,,,,,,,,,,,,,,,,,,,,,,,,,,,,,,,,,,,,,,,,,,,,,,,,,,,,,
,,https://doi.org/10.1007/s11356-022-19016-3,p3,Lan Yang,7,"College of Geoscience and Surveying Engineering, University of Mining & Technology, Beijing 100083, China
",N/A,N/A,no,no,N/A,N/A,#UNKNOWN!,,,,,,,,,,,,,,,,,,,,,,,,,,,,,,,,,,,,,,,,,,,,,,,,,,,,,,,,,,,,,,,,,,,,,
,,https://doi.org/10.1007/s11356-022-19016-1,p3,Wei Chen,7,"College of Geoscience and Surveying Engineering, University of Mining & Technology, Beijing 100083, China
",N/A,N/A,yes,yes,N/A,N/A,#UNKNOWN!,,,,,,,,,,,,,,,,,,,,,,,,,,,,,,,,,,,,,,,,,,,,,,,,,,,,,,,,,,,,,,,,,,,,,
,,https://doi.org/10.1007/s11356-022-19016-2,p3,Xuepeng Zhang,7,"College of Geoscience and Surveying Engineering, University of Mining & Technology, Beijing 100083, China
",N/A,N/A,no,no,N/A,N/A,#UNKNOWN!,,,,,,,,,,,,,,,,,,,,,,,,,,,,,,,,,,,,,,,,,,,,,,,,,,,,,,,,,,,,,,,,,,,,,
,,https://doi.org/10.1007/s11356-022-19016-4,p3,Zhe Wang,7,"College of Geoscience and Surveying Engineering, University of Mining & Technology, Beijing 100083, China
",N/A,N/A,no,no,N/A,N/A,#UNKNOWN!,,,,,,,,,,,,,,,,,,,,,,,,,,,,,,,,,,,,,,,,,,,,,,,,,,,,,,,,,,,,,,,,,,,,,
,,https://doi.org/10.1007/s11356-022-19016-6,p3,Wenwu Zhao,8,"Institute of Land Surface System and Sustainable Development, Faculty of Geographical Science, Beijing Normal University, Beijing 100875, China
",9,"State Key Laboratory of Earth Surface Processes
and Resource Ecology, Faculty of Geographical Science, Beijing Normal University, Beijing 100875, China",no,no,N/A,N/A,#UNKNOWN!,,,,,,,,,,,,,,,,,,,,,,,,,,,,,,,,,,,,,,,,,,,,,,,,,,,,,,,,,,,,,,,,,,,,,
,,https://doi.org/10.1186/s12917-022-03273-w ,p4,Ahmed Byomi,10,"Department of Hygiene and Zoonosis, Faculty of Veterinary Medicine, University of Sadat City, Menofia, Sadat City 32897, Egypt",N/A,N/A,no,no,N/A,N/A,#UNKNOWN!,,,,,,,,,,,,,,,,,,,,,,,,,,,,,,,,,,,,,,,,,,,,,,,,,,,,,,,,,,,,,,,,,,,,,
,,https://doi.org/10.1186/s12917-022-03273-w ,p4,Yumna Elsobky,10,"Department of Hygiene and Zoonosis, Faculty of Veterinary Medicine, University of Sadat City, Menofia, Sadat City 32897, Egypt",N/A,N/A,yes,yes,N/A,N/A,#UNKNOWN!,,,,,,,,,,,,,,,,,,,,,,,,,,,,,,,,,,,,,,,,,,,,,,,,,,,,,,,,,,,,,,,,,,,,,
,,https://doi.org/10.1186/s12917-022-03273-w ,p4,Gamal El Afandi,11,"College of Agriculture, Environment and Nutrition Sciences, Tuskegee University, Tuskegee, AL, USA.",12,"Astronomy and Meteorology Department, Faculty of Science, Al-Azhar University, Cairo, Egypt.",no,no,N/A,N/A,#UNKNOWN!,,,,,,,,,,,,,,,,,,,,,,,,,,,,,,,,,,,,,,,,,,,,,,,,,,,,,,,,,,,,,,,,,,,,,
,,DOI: https://doi.org/10.21203/rs.3.rs-2948767/v9,p6,Ehsan Abdalla,11,"College of Agriculture, Environment and Nutrition Sciences, Tuskegee University, Tuskegee, AL, USA.",N/A,N/A,no,no,N/A,N/A,#UNKNOWN!,,,,,,,,,,,,,,,,,,,,,,,,,,,,,,,,,,,,,,,,,,,,,,,,,,,,,,,,,,,,,,,,,,,,,
,,https://doi.org/10.1186/s12917-022-03273-w ,p4,Akram Salama,13,"Department of Animal Medicine and Infectious Diseases, Faculty of Veterinary Medicine, University of Sadat City, Sadat City, Menofia 32897, Egypt.",14,"Department of Biomedical Sciences, College of Veterinary Med- icine, Tuskegee University, Tuskegee, AL, USA",no,no,N/A,N/A,#UNKNOWN!,,,,,,,,,,,,,,,,,,,,,,,,,,,,,,,,,,,,,,,,,,,,,,,,,,,,,,,,,,,,,,,,,,,,,
,,DOI: https://doi.org/10.21203/rs.3.rs-2948767/v7,p6,Ahmed Kamal,13,University of Sadat City,N/A,N/A,no,no,N/A,N/A,#UNKNOWN!,,,,,,,,,,,,,,,,,,,,,,,,,,,,,,,,,,,,,,,,,,,,,,,,,,,,,,,,,,,,,,,,,,,,,
,,DOI: https://doi.org/10.21203/rs.3.rs-2948767/v8,p6,Akram Salama,13,University of Sadat City,N/A,N/A,no,no,N/A,N/A,#UNKNOWN!,,,,,,,,,,,,,,,,,,,,,,,,,,,,,,,,,,,,,,,,,,,,,,,,,,,,,,,,,,,,,,,,,,,,,
,,DOI: https://doi.org/10.21203/rs.3.rs-2948767/v10,p6,Ghada Hadad,13,University of Sadat City,N/A,N/A,no,no,N/A,N/A,#UNKNOWN!,,,,,,,,,,,,,,,,,,,,,,,,,,,,,,,,,,,,,,,,,,,,,,,,,,,,,,,,,,,,,,,,,,,,,
,,DOI: https://doi.org/10.21203/rs.3.rs-2948767/v4,p6,Mohamed Nayel,13,University of Sadat City,N/A,N/A,no,no,N/A,N/A,#UNKNOWN!,,,,,,,,,,,,,,,,,,,,,,,,,,,,,,,,,,,,,,,,,,,,,,,,,,,,,,,,,,,,,,,,,,,,,
,,DOI: https://doi.org/10.21203/rs.3.rs-2948767/v2,p6,Nourhan Eissa,13,University of Sadat City,N/A,N/A,no,no,N/A,N/A,#UNKNOWN!,,,,,,,,,,,,,,,,,,,,,,,,,,,,,,,,,,,,,,,,,,,,,,,,,,,,,,,,,,,,,,,,,,,,,
,,DOI: https://doi.org/10.21203/rs.3.rs-2948767/v6,p6,Walid Mousa,13,University of Sadat City,N/A,N/A,no,no,N/A,N/A,#UNKNOWN!,,,,,,,,,,,,,,,,,,,,,,,,,,,,,,,,,,,,,,,,,,,,,,,,,,,,,,,,,,,,,,,,,,,,,
,,DOI: https://doi.org/10.21203/rs.3.rs-2948767/v1,p6,Yumna Elsobky,13,University of Sadat City ,N/A,N/A,yes,yes,N/A,N/A,#UNKNOWN!,,,,,,,,,,,,,,,,,,,,,,,,,,,,,,,,,,,,,,,,,,,,,,,,,,,,,,,,,,,,,,,,,,,,,
,,https://doi.org/10.1186/s12917-022-03273-w ,p4,Muhammad Omar,14,"Department of Biomedical Sciences, College of Veterinary Med- icine, Tuskegee University, Tuskegee, AL, USA",N/A,N/A,no,no,N/A,N/A,#UNKNOWN!,,,,,,,,,,,,,,,,,,,,,,,,,,,,,,,,,,,,,,,,,,,,,,,,,,,,,,,,,,,,,,,,,,,,,
,,https://doi.org/10.1186/s12917-022-03273-w ,p4,Mahmoud Eltholth,15,"Global Academy of Agriculture and Food Security, The Royal (Dick) School of Veterinary Studies, University
of Edinburgh, Easter Bush Campus, Midlothian EH25 9RG, UK.",16,"Department of Animal Hygiene and Preventive Medicine, Faculty of Veterinary Medicine, Kafrelsheikh University, Kafrelsheikh, Egypt. ",no,no,N/A,N/A,#UNKNOWN!,,,,,,,,,,,,,,,,,,,,,,,,,,,,,,,,,,,,,,,,,,,,,,,,,,,,,,,,,,,,,,,,,,,,,
,,DOI: 10.1111/tbed.14448,p16,Diann J Prosser,16,"Geological Survey, Eastern Ecological Science Center at the Patuxent Research Refuge (formerly USGS Patuxent Wildlife Research Center), Laurel, Maryland, USA",N/A,N/A,no,no,N/A,N/A,#UNKNOWN!,,,,,,,,,,,,,,,,,,,,,,,,,,,,,,,,,,,,,,,,,,,,,,,,,,,,,,,,,,,,,,,,,,,,,
,,DOI: 10.1002/eap.2906 ,p25,Cody M. Kent,17,"Department of Environmental Science and Technology, University of Maryland, College Park, Maryland, USA",111,"Department of Biology, Frostburg State University, Frostburg, Maryland, USA ",yes,yes,N/A,N/A,#UNKNOWN!,,,,,,,,,,,,,,,,,,,,,,,,,,,,,,,,,,,,,,,,,,,,,,,,,,,,,,,,,,,,,,,,,,,,,
,,DOI: 10.1002/eap.2907,p25,Jennifer M. Mullinax,17,"Department of Environmental Science and Technology, University of Maryland, College Park, Maryland, USA ",N/A,N/A,no,no,N/A,N/A,#UNKNOWN!,,,,,,,,,,,,,,,,,,,,,,,,,,,,,,,,,,,,,,,,,,,,,,,,,,,,,,,,,,,,,,,,,,,,,
,,https://doi.org/10.1038/s41598-022-17396-8,p5,Cody M. Kent,17,"Department of Environmental Science and Technology, University of Maryland, College Park, MD, USA",18,"Geological Survey, Eastern Ecological Science Center, Laurel, MD, USA",yes,yes,N/A,N/A,#UNKNOWN!,,,,,,,,,,,,,,,,,,,,,,,,,,,,,,,,,,,,,,,,,,,,,,,,,,,,,,,,,,,,,,,,,,,,,
,,https://doi.org/10.1038/s41598-022-17396-15,p5,Jennifer M. Mullinax,17,"Department of Environmental Science and Technology, University of Maryland, College Park, MD, USA",N/A,N/A,no,no,N/A,N/A,#UNKNOWN!,,,,,,,,,,,,,,,,,,,,,,,,,,,,,,,,,,,,,,,,,,,,,,,,,,,,,,,,,,,,,,,,,,,,,
,,DOI: 10.1002/eap.2907,p25,Diann J. Prosser ,18,"U.S. Geological Survey, Eastern Ecological Science Center, Laurel, Maryland, USA",N/A,N/A,no,no,N/A,N/A,#UNKNOWN!,,,,,,,,,,,,,,,,,,,,,,,,,,,,,,,,,,,,,,,,,,,,,,,,,,,,,,,,,,,,,,,,,,,,,
,,DOI: 10.1002/eap.2906 ,p25,Jeffery D. Sulliva ,18,"U.S. Geological Survey, Eastern Ecological Science Center, Laurel, Maryland, USA",N/A,N/A,no,no,N/A,N/A,#UNKNOWN!,,,,,,,,,,,,,,,,,,,,,,,,,,,,,,,,,,,,,,,,,,,,,,,,,,,,,,,,,,,,,,,,,,,,,
,,DOI: 10.1371/journal.ppat.1010609,p35,Daniel McAule ,18,"U.S. Geological Survey, Eastern Ecological Science Center, Laurel, Maryland, USA",N/A,N/A,no,no,N/A,N/A,#UNKNOWN!,,,,,,,,,,,,,,,,,,,,,,,,,,,,,,,,,,,,,,,,,,,,,,,,,,,,,,,,,,,,,,,,,,,,,
,,DOI: 10.1371/journal.ppat.1010611,p35,Diann J. Prosser ,18,"U.S. Geological Survey, Eastern Ecological Science Center, Laurel, Maryland, USA",N/A,N/A,yes,yes,N/A,N/A,#UNKNOWN!,,,,,,,,,,,,,,,,,,,,,,,,,,,,,,,,,,,,,,,,,,,,,,,,,,,,,,,,,,,,,,,,,,,,,
,,DOI: 10.1371/journal.ppat.1010612,p35,Jeffery D. Sullivan,18,"U.S. Geological Survey, Eastern Ecological Science Center, Laurel, Maryland, USA",N/A,N/A,no,no,N/A,N/A,#UNKNOWN!,,,,,,,,,,,,,,,,,,,,,,,,,,,,,,,,,,,,,,,,,,,,,,,,,,,,,,,,,,,,,,,,,,,,,
,,https://doi.org/10.1038/s41598-022-17396-10,p5,Diann J. Prosser,18,"Geological Survey, Eastern Ecological Science Center, Laurel, MD, USA",N/A,N/A,no,no,N/A,N/A,#UNKNOWN!,,,,,,,,,,,,,,,,,,,,,,,,,,,,,,,,,,,,,,,,,,,,,,,,,,,,,,,,,,,,,,,,,,,,,
,,https://doi.org/10.1038/s41598-022-17396-13,p5,Jeffery D. Sullivan,18,"Geological Survey, Eastern Ecological Science Center, Laurel, MD, USA",N/A,N/A,no,no,N/A,N/A,#UNKNOWN!,,,,,,,,,,,,,,,,,,,,,,,,,,,,,,,,,,,,,,,,,,,,,,,,,,,,,,,,,,,,,,,,,,,,,
,,DOI: 10.1371/journal.ppat.1010606,p35,Andrew M. Ramey ,19,"U.S. Geological Survey, Alaska Science Center, Anchorage, Alaska, United States of America,",N/A,N/A,no,no,N/A,N/A,#UNKNOWN!,,,,,,,,,,,,,,,,,,,,,,,,,,,,,,,,,,,,,,,,,,,,,,,,,,,,,,,,,,,,,,,,,,,,,
,,DOI: 10.1371/journal.ppat.1010608,p35,Christina A. Ahlstrom,19,"U.S. Geological Survey, Alaska Science Center, Anchorage, Alaska, United States of America,",N/A,N/A,no,no,N/A,N/A,#UNKNOWN!,,,,,,,,,,,,,,,,,,,,,,,,,,,,,,,,,,,,,,,,,,,,,,,,,,,,,,,,,,,,,,,,,,,,,
,,https://doi.org/10.1038/s41598-022-17396-5,p5,Andrew M. Ramey,19,"U.S. Geological Survey, Alaska Science Center, Anchorage, Alaska, United States of America,",N/A,N/A,no,no,N/A,N/A,#UNKNOWN!,,,,,,,,,,,,,,,,,,,,,,,,,,,,,,,,,,,,,,,,,,,,,,,,,,,,,,,,,,,,,,,,,,,,,
,,DOI: 10.1111/tbed.14447,p16,Austen A Lorenz,20,"U.S. Geological Survey, Western Ecological Research Center, Dixon Field Station, Suite D Dixon, California, USA ",N/A,N/A,no,no,N/A,N/A,#UNKNOWN!,,,,,,,,,,,,,,,,,,,,,,,,,,,,,,,,,,,,,,,,,,,,,,,,,,,,,,,,,,,,,,,,,,,,,
,,DOI: 10.1111/tbed.14446,p16,Elliott L Matchett,20,"U.S. Geological Survey, Western Ecological Research Center, Dixon Field Station, Suite D Dixon, California, USA ",N/A,N/A,no,no,N/A,N/A,#UNKNOWN!,,,,,,,,,,,,,,,,,,,,,,,,,,,,,,,,,,,,,,,,,,,,,,,,,,,,,,,,,,,,,,,,,,,,,
,,DOI: 10.1111/tbed.14445 ,p16,Fiona McDuie,20,"U.S. Geological Survey, Western Ecological Research Center, Dixon Field Station, Suite D Dixon, California, USA ",50,"San Jose State University Research Foundation, Moss Landing Marine Laboratories, California, USAc",yes,yes,N/A,N/A,#UNKNOWN!,,,,,,,,,,,,,,,,,,,,,,,,,,,,,,,,,,,,,,,,,,,,,,,,,,,,,,,,,,,,,,,,,,,,,
,,DOI: 10.1111/tbed.14450,p16,Joshua T Ackerman,20,"U.S. Geological Survey, Western Ecological Research Center, Dixon Field Station, Suite D Dixon, California, USA ",N/A,N/A,no,no,N/A,N/A,#UNKNOWN!,,,,,,,,,,,,,,,,,,,,,,,,,,,,,,,,,,,,,,,,,,,,,,,,,,,,,,,,,,,,,,,,,,,,,
,,DOI: 10.1111/tbed.14448,p16,Madeline M McCuen,20,"U.S. Geological Survey, Western Ecological Research Center, Dixon Field Station, Suite D Dixon, California, USA ",N/A,N/A,no,no,N/A,N/A,#UNKNOWN!,,,,,,,,,,,,,,,,,,,,,,,,,,,,,,,,,,,,,,,,,,,,,,,,,,,,,,,,,,,,,,,,,,,,,
,,DOI: 10.1111/tbed.14451,p16,Michael L Casazza ,20,"U.S. Geological Survey, Western Ecological Research Center, Dixon Field Station, Suite D Dixon, California, USA ",N/A,N/A,no,no,N/A,N/A,#UNKNOWN!,,,,,,,,,,,,,,,,,,,,,,,,,,,,,,,,,,,,,,,,,,,,,,,,,,,,,,,,,,,,,,,,,,,,,
,,DOI: 10.1111/tbed.14449,p16,Overton Cory T,20,"U.S. Geological Survey, Western Ecological Research Center, Dixon Field Station, Suite D Dixon, California, USA ",N/A,N/A,no,no,N/A,N/A,#UNKNOWN!,,,,,,,,,,,,,,,,,,,,,,,,,,,,,,,,,,,,,,,,,,,,,,,,,,,,,,,,,,,,,,,,,,,,,
,,https://doi.org/10.1038/s41598-022-17396-18,p5,Joshua T. Ackerman,20,"U.S. Geological Survey, Western Ecological Research Center, Dixon Field Station, Dixon, CA, USA",N/A,N/A,no,no,N/A,N/A,#UNKNOWN!,,,,,,,,,,,,,,,,,,,,,,,,,,,,,,,,,,,,,,,,,,,,,,,,,,,,,,,,,,,,,,,,,,,,,
,,https://doi.org/10.1038/s41598-022-17396-21,p5,Michael L. Casazza,20,"U.S. Geological Survey, Western Ecological Research Center, Dixon Field Station, Dixon, CA, USA",N/A,N/A,no,no,N/A,N/A,#UNKNOWN!,,,,,,,,,,,,,,,,,,,,,,,,,,,,,,,,,,,,,,,,,,,,,,,,,,,,,,,,,,,,,,,,,,,,,
,,https://doi.org/10.1038/s41598-022-17396-19,p5,Justin Bahl,21,"Department of Infectious Diseases, University of Georgia, Athens, GA, USA.",N/A,N/A,no,no,N/A,N/A,#UNKNOWN!,,,,,,,,,,,,,,,,,,,,,,,,,,,,,,,,,,,,,,,,,,,,,,,,,,,,,,,,,,,,,,,,,,,,,
,,https://doi.org/10.1038/s41598-022-17396-27,p5,Sarah N. Bevins,22,"Department of Agriculture, Wildlife Services, National Wildlife Research Center, Fort Collins, CO, USA.",N/A,N/A,no,no,N/A,N/A,#UNKNOWN!,,,,,,,,,,,,,,,,,,,,,,,,,,,,,,,,,,,,,,,,,,,,,,,,,,,,,,,,,,,,,,,,,,,,,
,,https://doi.org/10.1101/2023.04.24.538139 ,p7,Claudio Azat,24,"Sustainability Research Center & PhD in Conservation Medicine, Life Science Faculty, Universidad Andrés Bello, República 440, Santiago, Chile",N/A,N/A,yes,yes,N/A,N/A,#UNKNOWN!,,,,,,,,,,,,,,,,,,,,,,,,,,,,,,,,,,,,,,,,,,,,,,,,,,,,,,,,,,,,,,,,,,,,,
,,https://doi.org/10.1101/2023.04.24.538140,p7,José Fernando Aguilera,24,"Sustainability Research Center & PhD in Conservation Medicine, Life Science Faculty, Universidad Andrés Bello, República 440, Santiago, Chile",N/A,N/A,no,no,N/A,N/A,#UNKNOWN!,,,,,,,,,,,,,,,,,,,,,,,,,,,,,,,,,,,,,,,,,,,,,,,,,,,,,,,,,,,,,,,,,,,,,
,,https://doi.org/10.1101/2023.04.24.538141,p7,Mario Alvarado-Rybak,25,"Núcleo de Ciencias Aplicadas en Ciencias Veterinarias y Agronómicas, Facultad de
  Medicina Veterinaria y Agrono, Chile",N/A,N/A,no,no,N/A,N/A,#UNKNOWN!,,,,,,,,,,,,,,,,,,,,,,,,,,,,,,,,,,,,,,,,,,,,,,,,,,,,,,,,,,,,,,,,,,,,,
,,https://doi.org/10.1101/2023.04.24.538142,p7,Julio A. Benavides,26,"MIVEGEC, IRD, CNRS, Université de Montpellier, Montpellier, France",N/A,N/A,yes,no,N/A,N/A,#UNKNOWN!,,,,,,,,,,,,,,,,,,,,,,,,,,,,,,,,,,,,,,,,,,,,,,,,,,,,,,,,,,,,,,,,,,,,,
,,https://doi.org/10.3390/v14030511,p8,Abdelaziz Benhoussa,27,"Biodiversity, Ecology and Genome Laboratory, Faculty of Sciences, Mohammed V University in Rabat,
4 Avenue Ibn Battouta, Rabat 10106, Morocco;",N/A,N/A,no,no,N/A,N/A,#UNKNOWN!,,,,,,,,,,,,,,,,,,,,,,,,,,,,,,,,,,,,,,,,,,,,,,,,,,,,,,,,,,,,,,,,,,,,,
,,https://doi.org/10.3390/v14030509,p8,Fatiha El Mellouli,27,"Biodiversity, Ecology and Genome Laboratory, Faculty of Sciences, Mohammed V University in Rabat,
4 Avenue Ibn Battouta, Rabat 10106, Morocco;",N/A,N/A,yes,yes,N/A,N/A,#UNKNOWN!,,,,,,,,,,,,,,,,,,,,,,,,,,,,,,,,,,,,,,,,,,,,,,,,,,,,,,,,,,,,,,,,,,,,,
,,https://doi.org/10.3390/v14030510,p8,Hamid Rguibi Idrissi,27,"Biodiversity, Ecology and Genome Laboratory, Faculty of Sciences, Mohammed V University in Rabat,
4 Avenue Ibn Battouta, Rabat 10106, Morocco;",70,"Ecole supérieure de Technologie de Lâayoune, Quartier 24 Mars, Lâayoune 3007, Morocco",no,no,N/A,N/A,#UNKNOWN!,,,,,,,,,,,,,,,,,,,,,,,,,,,,,,,,,,,,,,,,,,,,,,,,,,,,,,,,,,,,,,,,,,,,,
,,https://doi.org/10.3390/v14030512,p8,Mohamed Mouahid,28,"Mouahid’s Veterinary Clinic, Temara 12000, Morocco",N/A,N/A,no,no,N/A,N/A,#UNKNOWN!,,,,,,,,,,,,,,,,,,,,,,,,,,,,,,,,,,,,,,,,,,,,,,,,,,,,,,,,,,,,,,,,,,,,,
,,https://doi.org/10.3390/v14030513,p8,Alice Fusaro,29,"Istituto Zooprofilattico Sperimentale delle Venezie, 35020 Legnaro, Italy",N/A,N/A,no,no,N/A,N/A,#UNKNOWN!,,,,,,,,,,,,,,,,,,,,,,,,,,,,,,,,,,,,,,,,,,,,,,,,,,,,,,,,,,,,,,,,,,,,,
,,https://doi.org/10.3390/v14030514,p8,Bianca Zecchi,29,"Istituto Zooprofilattico Sperimentale delle Venezie, 35020 Legnaro, Italy",N/A,N/A,no,no,N/A,N/A,#UNKNOWN!,,,,,,,,,,,,,,,,,,,,,,,,,,,,,,,,,,,,,,,,,,,,,,,,,,,,,,,,,,,,,,,,,,,,,
,,https://doi.org/10.3390/v14030515,p8,Edoardo Giussan ,29,"Istituto Zooprofilattico Sperimentale delle Venezie, 35020 Legnaro, Italy",N/A,N/A,no,no,N/A,N/A,#UNKNOWN!,,,,,,,,,,,,,,,,,,,,,,,,,,,,,,,,,,,,,,,,,,,,,,,,,,,,,,,,,,,,,,,,,,,,,
,,https://doi.org/10.3390/v14030516,p8,Elisa Palumbo,29,"Istituto Zooprofilattico Sperimentale delle Venezie, 35020 Legnaro, Italy",N/A,N/A,no,no,N/A,N/A,#UNKNOWN!,,,,,,,,,,,,,,,,,,,,,,,,,,,,,,,,,,,,,,,,,,,,,,,,,,,,,,,,,,,,,,,,,,,,,
,,https://doi.org/10.3390/v14030517,p8,Isabella Monne,29,"Istituto Zooprofilattico Sperimentale delle Venezie, 35020 Legnaro, Italy",N/A,N/A,no,no,N/A,N/A,#UNKNOWN!,,,,,,,,,,,,,,,,,,,,,,,,,,,,,,,,,,,,,,,,,,,,,,,,,,,,,,,,,,,,,,,,,,,,,
,,https://doi.org/10.3390/v14030518,p8,Hasnae Zekhnini ,30,"Immunology and Biodiversity Laboratory, Faculty of Science Ain chock, Hassan II University of Casablanca, Casablanca 20100, Morocco",N/A,N/A,no,no,N/A,N/A,#UNKNOWN!,,,,,,,,,,,,,,,,,,,,,,,,,,,,,,,,,,,,,,,,,,,,,,,,,,,,,,,,,,,,,,,,,,,,,
,,https://doi.org/10.3390/v14030519,p8,Abderrazak El Khantour ,31,"Division of Pharmacy and Veterinary Inputs, Food Safety National Office (ONSSA), Rue Ikhlas Cym,
PB 4509 Akkari, Rabat 10050, Morocco",N/A,N/A,no,no,N/A,N/A,#UNKNOWN!,,,,,,,,,,,,,,,,,,,,,,,,,,,,,,,,,,,,,,,,,,,,,,,,,,,,,,,,,,,,,,,,,,,,,
,,DOI 10.3389/fmicb.2022.1002528,p9,Jingfei Wang,32,"State Key Laboratory of Veterinary Biotechnology and National Data Center of Animal Infectious Diseases, Harbin Veterinary Research Institute, Chinese Academy of Agricultural Sciences, Harbin, China",N/A,N/A,yes,no,N/A,N/A,#UNKNOWN!,,,,,,,,,,,,,,,,,,,,,,,,,,,,,,,,,,,,,,,,,,,,,,,,,,,,,,,,,,,,,,,,,,,,,
,,DOI 10.3389/fmicb.2022.1002523,p9,Lili Wei,32,"State Key Laboratory of Veterinary Biotechnology and National Data Center of Animal Infectious Diseases, Harbin Veterinary Research Institute, Chinese Academy of Agricultural Sciences, Harbin, China",N/A,N/A,no,yes,N/A,N/A,#UNKNOWN!,,,,,,,,,,,,,,,,,,,,,,,,,,,,,,,,,,,,,,,,,,,,,,,,,,,,,,,,,,,,,,,,,,,,,
,,DOI 10.3389/fmicb.2022.1002524,p9,Pengfei Wang,32,"State Key Laboratory of Veterinary Biotechnology and National Data Center of Animal Infectious Diseases, Harbin Veterinary Research Institute, Chinese Academy of Agricultural Sciences, Harbin, China",N/A,N/A,no,no,N/A,N/A,#UNKNOWN!,,,,,,,,,,,,,,,,,,,,,,,,,,,,,,,,,,,,,,,,,,,,,,,,,,,,,,,,,,,,,,,,,,,,,
,,DOI 10.3389/fmicb.2022.1002525,p9,Shida Wang ,32,"State Key Laboratory of Veterinary Biotechnology and National Data Center of Animal Infectious Diseases, Harbin Veterinary Research Institute, Chinese Academy of Agricultural Sciences, Harbin, China",N/A,N/A,no,no,N/A,N/A,#UNKNOWN!,,,,,,,,,,,,,,,,,,,,,,,,,,,,,,,,,,,,,,,,,,,,,,,,,,,,,,,,,,,,,,,,,,,,,
,,DOI 10.3389/fmicb.2022.1002527,p9,Yongping Jian,32,"State Key Laboratory of Veterinary Biotechnology and National Data Center of Animal Infectious Diseases, Harbin Veterinary Research Institute, Chinese Academy of Agricultural Sciences, Harbin, China",N/A,N/A,yes,no,N/A,N/A,#UNKNOWN!,,,,,,,,,,,,,,,,,,,,,,,,,,,,,,,,,,,,,,,,,,,,,,,,,,,,,,,,,,,,,,,,,,,,,
,,DOI 10.3389/fmicb.2022.1002526,p9,Zaisi Liu,32,"State Key Laboratory of Veterinary Biotechnology and National Data Center of Animal Infectious Diseases, Harbin Veterinary Research Institute, Chinese Academy of Agricultural Sciences, Harbin, China",N/A,N/A,no,no,N/A,N/A,#UNKNOWN!,,,,,,,,,,,,,,,,,,,,,,,,,,,,,,,,,,,,,,,,,,,,,,,,,,,,,,,,,,,,,,,,,,,,,
,,DOI 10.3389/fmicb.2022.1002522,p9,Zhibin Shi ,32,"State Key Laboratory of Veterinary Biotechnology and National Data Center of Animal Infectious Diseases, Harbin Veterinary Research Institute, Chinese Academy of Agricultural Sciences, Harbin, China",N/A,N/A,no,yes,N/A,N/A,#UNKNOWN!,,,,,,,,,,,,,,,,,,,,,,,,,,,,,,,,,,,,,,,,,,,,,,,,,,,,,,,,,,,,,,,,,,,,,
,,DOI: 10.1111/tbed.14675 ,p10,Carsten Kirkeby,33,"Department of Veterinary and Animal Sciences, Faculty of Health and Medical Sciences, University of Copenhagen, Frederiksberg, Denmark",N/A,N/A,no,yes,N/A,N/A,#UNKNOWN!,,,,,,,,,,,,,,,,,,,,,,,,,,,,,,,,,,,,,,,,,,,,,,,,,,,,,,,,,,,,,,,,,,,,,
,,DOI: 10.1111/tbed.14676,p10,Michael P. Ward,34,"Sydney School of Veterinary Science, Faculty of Science, The University of Sydney, Sydney, NSW, Australia",N/A,N/A,yes,no,N/A,N/A,#UNKNOWN!,,,,,,,,,,,,,,,,,,,,,,,,,,,,,,,,,,,,,,,,,,,,,,,,,,,,,,,,,,,,,,,,,,,,,
,,doi: 10.3389/fvets.2022.897763 ,p11,Dae-sung Yoo ,106,"Department of Animal Disease Control and Quarantine, Graduate School of Public Health, Korea University, Seoul, South Korea",48,"Division of Veterinary Epidemiology, Animal and Plant Quarantine Agency, Gimcheon 39660, Korea",no,yes,N/A,N/A,#UNKNOWN!,,,,,,,,,,,,,,,,,,,,,,,,,,,,,,,,,,,,,,,,,,,,,,,,,,,,,,,,,,,,,,,,,,,,,
,,doi: 10.3389/fvets.2022.897764,p11,Byung Chul Chun,106,"Department of Animal Disease Control and Quarantine, Graduate School of Public Health, Korea University, Seoul, South Korea",35,"Department of Preventive Medicine, College of Medicine, Korea University, Seoul, South Korea ",yes,no,36,"Transdisciplinary Major in Learning Health Systems, Department of Healthcare Sciences, Graduate School, Korea University, Seoul, South Korea",#UNKNOWN!,,,,,,,,,,,,,,,,,,,,,,,,,,,,,,,,,,,,,,,,,,,,,,,,,,,,,,,,,,,,,,,,,,,,,
,,doi: 10.3389/fvets.2022.897765,p11,Kwan Hong ,35,"Department of Preventive Medicine, College of Medicine, Korea University, Seoul, South Korea ",36,"Transdisciplinary Major in Learning Health Systems, Department of Healthcare Sciences, Graduate School, Korea University, Seoul, South Korea",no,no,N/A,N/A,#UNKNOWN!,,,,,,,,,,,,,,,,,,,,,,,,,,,,,,,,,,,,,,,,,,,,,,,,,,,,,,,,,,,,,,,,,,,,,
,,doi: 10.3389/fvets.2022.897766,p11,Jeehyun Kim ,35,"Department of Preventive Medicine, College of Medicine, Korea University, Seoul, South Korea ",36,"Transdisciplinary Major in Learning Health Systems, Department of Healthcare Sciences, Graduate School, Korea University, Seoul, South Korea",no,no,N/A,N/A,#UNKNOWN!,,,,,,,,,,,,,,,,,,,,,,,,,,,,,,,,,,,,,,,,,,,,,,,,,,,,,,,,,,,,,,,,,,,,,
,,,,,,,,,,,,,,,,,,,,,,,,,,,,,,,,,,,,,,,,,,,,,,,,,,,,,,,,,,,,,,,,,,,,,,,,,,,,,,,,,,
,,,,,,,,,,,,,,,,,,,,,,,,,,,,,,,,,,,,,,,,,,,,,,,,,,,,,,,,,,,,,,,,,,,,,,,,,,,,,,,,,,
,,,,,,,,,,,,,,,,,,,,,,,,,,,,,,,,,,,,,,,,,,,,,,,,,,,,,,,,,,,,,,,,,,,,,,,,,,,,,,,,,,
,,,,,,,,,,,,,,,,,,,,,,,,,,,,,,,,,,,,,,,,,,,,,,,,,,,,,,,,,,,,,,,,,,,,,,,,,,,,,,,,,,
,,,,,,,,,,,,,,,,,,,,,,,,,,,,,,,,,,,,,,,,,,,,,,,,,,,,,,,,,,,,,,,,,,,,,,,,,,,,,,,,,,
,,,,,,,,,,,,,,,,,,,,,,,,,,,,,,,,,,,,,,,,,,,,,,,,,,,,,,,,,,,,,,,,,,,,,,,,,,,,,,,,,,
,,,,,,,,,,,,,,,,,,,,,,,,,,,,,,,,,,,,,,,,,,,,,,,,,,,,,,,,,,,,,,,,,,,,,,,,,,,,,,,,,,
,,,,,,,,,,,,,,,,,,,,,,,,,,,,,,,,,,,,,,,,,,,,,,,,,,,,,,,,,,,,,,,,,,,,,,,,,,,,,,,,,,
,,,,,,,,,,,,,,,,,,,,,,,,,,,,,,,,,,,,,,,,,,,,,,,,,,,,,,,,,,,,,,,,,,,,,,,,,,,,,,,,,,
,,,,,,,,,,,,,,,,,,,,,,,,,,,,,,,,,,,,,,,,,,,,,,,,,,,,,,,,,,,,,,,,,,,,,,,,,,,,,,,,,,
,,,,,,,,,,,,,,,,,,,,,,,,,,,,,,,,,,,,,,,,,,,,,,,,,,,,,,,,,,,,,,,,,,,,,,,,,,,,,,,,,,
,,,,,,,,,,,,,,,,,,,,,,,,,,,,,,,,,,,,,,,,,,,,,,,,,,,,,,,,,,,,,,,,,,,,,,,,,,,,,,,,,,
,,,,,,,,,,,,,,,,,,,,,,,,,,,,,,,,,,,,,,,,,,,,,,,,,,,,,,,,,,,,,,,,,,,,,,,,,,,,,,,,,,
,,,,,,,,,,,,,,,,,,,,,,,,,,,,,,,,,,,,,,,,,,,,,,,,,,,,,,,,,,,,,,,,,,,,,,,,,,,,,,,,,,
,,,,,,,,,,,,,,,,,,,,,,,,,,,,,,,,,,,,,,,,,,,,,,,,,,,,,,,,,,,,,,,,,,,,,,,,,,,,,,,,,,
,,,,,,,,,,,,,,,,,,,,,,,,,,,,,,,,,,,,,,,,,,,,,,,,,,,,,,,,,,,,,,,,,,,,,,,,,,,,,,,,,,
,,DOI: 10.1111/tbed.14724,p12,Billy Bauzile,39,"IHAP, Université de Toulouse, INRAE, ENVT, Toulouse, France",N/A,N/A,no,no,N/A,N/A,#UNKNOWN!,,,,,,,,,,,,,,,,,,,,,,,,,,,,,,,,,,,,,,,,,,,,,,,,,,,,,,,,,,,,,,,,,,,,,
,,DOI: 10.1111/tbed.14726,p12,Jean-Luc Guérin,39,"IHAP, Université de Toulouse, INRAE, ENVT, Toulouse, France",N/A,N/A,no,no,N/A,N/A,#UNKNOWN!,,,,,,,,,,,,,,,,,,,,,,,,,,,,,,,,,,,,,,,,,,,,,,,,,,,,,,,,,,,,,,,,,,,,,
,,DOI: 10.1111/tbed.14725,p12,Lisa Fourtun ,39,"IHAP, Université de Toulouse, INRAE, ENVT, Toulouse, France",N/A,N/A,no,no,N/A,N/A,#UNKNOWN!,,,,,,,,,,,,,,,,,,,,,,,,,,,,,,,,,,,,,,,,,,,,,,,,,,,,,,,,,,,,,,,,,,,,,
,,DOI: 10.1111/tbed.14727,p12,Mathilde C. Paul,39,"IHAP, Université de Toulouse, INRAE, ENVT, Toulouse, France",N/A,N/A,no,no,N/A,N/A,#UNKNOWN!,,,,,,,,,,,,,,,,,,,,,,,,,,,,,,,,,,,,,,,,,,,,,,,,,,,,,,,,,,,,,,,,,,,,,
,,DOI: 10.1111/tbed.14723,p12,Roxane Delacourt,39,"IHAP, Université de Toulouse, INRAE, ENVT, Toulouse, France",N/A,N/A,no,no,N/A,N/A,#UNKNOWN!,,,,,,,,,,,,,,,,,,,,,,,,,,,,,,,,,,,,,,,,,,,,,,,,,,,,,,,,,,,,,,,,,,,,,
,,DOI: 10.1111/tbed.14722,p12,Se?bastien Lambert ,39,"IHAP, Université de Toulouse, INRAE, ENVT, Toulouse, France",N/A,N/A,yes,yes,N/A,N/A,#UNKNOWN!,,,,,,,,,,,,,,,,,,,,,,,,,,,,,,,,,,,,,,,,,,,,,,,,,,,,,,,,,,,,,,,,,,,,,
,,DOI: 10.1111/tbed.14728,p12,Timothée Vergne,39,"IHAP, Université de Toulouse, INRAE, ENVT, Toulouse, France",N/A,N/A,no,no,N/A,N/A,#UNKNOWN!,,,,,,,,,,,,,,,,,,,,,,,,,,,,,,,,,,,,,,,,,,,,,,,,,,,,,,,,,,,,,,,,,,,,,
,,DOI: 10.1111/tbed.14490,p15,Debapriyo Chakraborty ,39,"IHAP, Université de Toulouse, INRAE, ENVT, Toulouse, France",N/A,N/A,yes,yes,N/A,N/A,#UNKNOWN!,,,,,,,,,,,,,,,,,,,,,,,,,,,,,,,,,,,,,,,,,,,,,,,,,,,,,,,,,,,,,,,,,,,,,
,,DOI: 10.1111/tbed.14493,p15,Jean-Luc Guerin,39,"IHAP, Université de Toulouse, INRAE, ENVT, Toulouse, France",N/A,N/A,no,no,N/A,N/A,#UNKNOWN!,,,,,,,,,,,,,,,,,,,,,,,,,,,,,,,,,,,,,,,,,,,,,,,,,,,,,,,,,,,,,,,,,,,,,
,,DOI: 10.1111/tbed.14495,p15,Mathilde C. Paul,39,"IHAP, Université de Toulouse, INRAE, ENVT, Toulouse, France",N/A,N/A,no,no,N/A,N/A,#UNKNOWN!,,,,,,,,,,,,,,,,,,,,,,,,,,,,,,,,,,,,,,,,,,,,,,,,,,,,,,,,,,,,,,,,,,,,,
,,DOI: 10.1111/tbed.14498,p15,Timothée Vergne,39,"IHAP, Université de Toulouse, INRAE, ENVT, Toulouse, France",N/A,N/A,no,no,N/A,N/A,#UNKNOWN!,,,,,,,,,,,,,,,,,,,,,,,,,,,,,,,,,,,,,,,,,,,,,,,,,,,,,,,,,,,,,,,,,,,,,
,,DOI: 10.1111/tbed.14727,p12,Benoit Durand,40,"Agence Nationale de Se?curite? Sanitaire de l’Alimentation, de l’Environnement et du Travail, Universite? Paris-Est, Maisons-Alfort, France ",N/A,N/A,no,no,N/A,N/A,#UNKNOWN!,,,,,,,,,,,,,,,,,,,,,,,,,,,,,,,,,,,,,,,,,,,,,,,,,,,,,,,,,,,,,,,,,,,,,
,,DOI: 10.1111/tbed.14729,p12,Axelle Scoizec ,41,"Agence Nationale de Se?curite? Sanitaire de l’Alimentation, de l’Environnement et du Travail, Ploufragan, France ",N/A,N/A,no,no,N/A,N/A,#UNKNOWN!,,,,,,,,,,,,,,,,,,,,,,,,,,,,,,,,,,,,,,,,,,,,,,,,,,,,,,,,,,,,,,,,,,,,,
,,DOI: 10.1111/tbed.14728,p12,Mathieu Andraud,41,"Agence Nationale de Se?curite? Sanitaire de l’Alimentation, de l’Environnement et du Travail, Ploufragan, France ",N/A,N/A,no,no,N/A,N/A,#UNKNOWN!,,,,,,,,,,,,,,,,,,,,,,,,,,,,,,,,,,,,,,,,,,,,,,,,,,,,,,,,,,,,,,,,,,,,,
,,DOI: 10.1111/tbed.14730,p12,Sophie Le Bouquin,41,"Agence Nationale de Se?curite? Sanitaire de l’Alimentation, de l’Environnement et du Travail, Ploufragan, France ",N/A,N/A,no,no,N/A,N/A,#UNKNOWN!,,,,,,,,,,,,,,,,,,,,,,,,,,,,,,,,,,,,,,,,,,,,,,,,,,,,,,,,,,,,,,,,,,,,,
,,DOI: 10.1111/tbed.14731,p12,Se?verine Rautureau ,42,"Direction Ge?ne?rale de l’Alimentation, Paris, France ",N/A,N/A,no,no,N/A,N/A,#UNKNOWN!,,,,,,,,,,,,,,,,,,,,,,,,,,,,,,,,,,,,,,,,,,,,,,,,,,,,,,,,,,,,,,,,,,,,,
,,https://doi.org/10.1186/s13567-023-01183-16,p29,Se?verine Rautureau ,42,"Direction Ge?ne?rale de l’Alimentation, Paris, France ",N/A,N/A,no,no,N/A,N/A,#UNKNOWN!,,,,,,,,,,,,,,,,,,,,,,,,,,,,,,,,,,,,,,,,,,,,,,,,,,,,,,,,,,,,,,,,,,,,,
,,DOI: 10.1111/tbed.14732,p12,Claire Guinat,43,"Department of Biosystems Science and Engineering, ETH Zurich, Basel, Switzerland ",44,"Swiss Institute of Bioinformatics, Lausanne, Switzerland",no,no,N/A,N/A,#UNKNOWN!,,,,,,,,,,,,,,,,,,,,,,,,,,,,,,,,,,,,,,,,,,,,,,,,,,,,,,,,,,,,,,,,,,,,,
,,DOI: 10.1111/tbed.14489,p15,Claire Guinat,43,"Department of Biosystems Science and Engineering, ETH Zurich, Basel, Switzerland ",44,"Swiss Institute of Bioinformatics, Lausanne, Switzerland",no,no,N/A,N/A,#UNKNOWN!,,,,,,,,,,,,,,,,,,,,,,,,,,,,,,,,,,,,,,,,,,,,,,,,,,,,,,,,,,,,,,,,,,,,,
,,DOI: 10.1111/tbed.14725,p12,Claire Guinat,43,"Department of Biosystems Science and Engineering, ETH Zurich, Basel, Switzerland ",44,"Swiss Institute of Bioinformatics, Lausanne, Switzerland ",no,no,N/A,N/A,#UNKNOWN!,,,,,,,,,,,,,,,,,,,,,,,,,,,,,,,,,,,,,,,,,,,,,,,,,,,,,,,,,,,,,,,,,,,,,
,,,,,,,,,,,,,,,,,,,,,,,,,,,,,,,,,,,,,,,,,,,,,,,,,,,,,,,,,,,,,,,,,,,,,,,,,,,,,,,,,,
,,,,,,,,,,,,,,,,,,,,,,,,,,,,,,,,,,,,,,,,,,,,,,,,,,,,,,,,,,,,,,,,,,,,,,,,,,,,,,,,,,
,,,,,,,,,,,,,,,,,,,,,,,,,,,,,,,,,,,,,,,,,,,,,,,,,,,,,,,,,,,,,,,,,,,,,,,,,,,,,,,,,,
,,,,,,,,,,,,,,,,,,,,,,,,,,,,,,,,,,,,,,,,,,,,,,,,,,,,,,,,,,,,,,,,,,,,,,,,,,,,,,,,,,
,,,,,,,,,,,,,,,,,,,,,,,,,,,,,,,,,,,,,,,,,,,,,,,,,,,,,,,,,,,,,,,,,,,,,,,,,,,,,,,,,,
,,,,,,,,,,,,,,,,,,,,,,,,,,,,,,,,,,,,,,,,,,,,,,,,,,,,,,,,,,,,,,,,,,,,,,,,,,,,,,,,,,
,,,,,,,,,,,,,,,,,,,,,,,,,,,,,,,,,,,,,,,,,,,,,,,,,,,,,,,,,,,,,,,,,,,,,,,,,,,,,,,,,,
,,,,,,,,,,,,,,,,,,,,,,,,,,,,,,,,,,,,,,,,,,,,,,,,,,,,,,,,,,,,,,,,,,,,,,,,,,,,,,,,,,
,,,,,,,,,,,,,,,,,,,,,,,,,,,,,,,,,,,,,,,,,,,,,,,,,,,,,,,,,,,,,,,,,,,,,,,,,,,,,,,,,,
,,,,,,,,,,,,,,,,,,,,,,,,,,,,,,,,,,,,,,,,,,,,,,,,,,,,,,,,,,,,,,,,,,,,,,,,,,,,,,,,,,
,,,,,,,,,,,,,,,,,,,,,,,,,,,,,,,,,,,,,,,,,,,,,,,,,,,,,,,,,,,,,,,,,,,,,,,,,,,,,,,,,,
,,,,,,,,,,,,,,,,,,,,,,,,,,,,,,,,,,,,,,,,,,,,,,,,,,,,,,,,,,,,,,,,,,,,,,,,,,,,,,,,,,
,,,,,,,,,,,,,,,,,,,,,,,,,,,,,,,,,,,,,,,,,,,,,,,,,,,,,,,,,,,,,,,,,,,,,,,,,,,,,,,,,,
,,,,,,,,,,,,,,,,,,,,,,,,,,,,,,,,,,,,,,,,,,,,,,,,,,,,,,,,,,,,,,,,,,,,,,,,,,,,,,,,,,
,,,,,,,,,,,,,,,,,,,,,,,,,,,,,,,,,,,,,,,,,,,,,,,,,,,,,,,,,,,,,,,,,,,,,,,,,,,,,,,,,,
,,,,,,,,,,,,,,,,,,,,,,,,,,,,,,,,,,,,,,,,,,,,,,,,,,,,,,,,,,,,,,,,,,,,,,,,,,,,,,,,,,
,,,,,,,,,,,,,,,,,,,,,,,,,,,,,,,,,,,,,,,,,,,,,,,,,,,,,,,,,,,,,,,,,,,,,,,,,,,,,,,,,,
,,,,,,,,,,,,,,,,,,,,,,,,,,,,,,,,,,,,,,,,,,,,,,,,,,,,,,,,,,,,,,,,,,,,,,,,,,,,,,,,,,
,,,,,,,,,,,,,,,,,,,,,,,,,,,,,,,,,,,,,,,,,,,,,,,,,,,,,,,,,,,,,,,,,,,,,,,,,,,,,,,,,,
,,,,,,,,,,,,,,,,,,,,,,,,,,,,,,,,,,,,,,,,,,,,,,,,,,,,,,,,,,,,,,,,,,,,,,,,,,,,,,,,,,
,,,,,,,,,,,,,,,,,,,,,,,,,,,,,,,,,,,,,,,,,,,,,,,,,,,,,,,,,,,,,,,,,,,,,,,,,,,,,,,,,,
,,,,,,,,,,,,,,,,,,,,,,,,,,,,,,,,,,,,,,,,,,,,,,,,,,,,,,,,,,,,,,,,,,,,,,,,,,,,,,,,,,
,,,,,,,,,,,,,,,,,,,,,,,,,,,,,,,,,,,,,,,,,,,,,,,,,,,,,,,,,,,,,,,,,,,,,,,,,,,,,,,,,,
,,,,,,,,,,,,,,,,,,,,,,,,,,,,,,,,,,,,,,,,,,,,,,,,,,,,,,,,,,,,,,,,,,,,,,,,,,,,,,,,,,
,,,,,,,,,,,,,,,,,,,,,,,,,,,,,,,,,,,,,,,,,,,,,,,,,,,,,,,,,,,,,,,,,,,,,,,,,,,,,,,,,,
,,,,,,,,,,,,,,,,,,,,,,,,,,,,,,,,,,,,,,,,,,,,,,,,,,,,,,,,,,,,,,,,,,,,,,,,,,,,,,,,,,
,,,,,,,,,,,,,,,,,,,,,,,,,,,,,,,,,,,,,,,,,,,,,,,,,,,,,,,,,,,,,,,,,,,,,,,,,,,,,,,,,,
,,,,,,,,,,,,,,,,,,,,,,,,,,,,,,,,,,,,,,,,,,,,,,,,,,,,,,,,,,,,,,,,,,,,,,,,,,,,,,,,,,
,,,,,,,,,,,,,,,,,,,,,,,,,,,,,,,,,,,,,,,,,,,,,,,,,,,,,,,,,,,,,,,,,,,,,,,,,,,,,,,,,,
,,,,,,,,,,,,,,,,,,,,,,,,,,,,,,,,,,,,,,,,,,,,,,,,,,,,,,,,,,,,,,,,,,,,,,,,,,,,,,,,,,
,,,,,,,,,,,,,,,,,,,,,,,,,,,,,,,,,,,,,,,,,,,,,,,,,,,,,,,,,,,,,,,,,,,,,,,,,,,,,,,,,,
,,,,,,,,,,,,,,,,,,,,,,,,,,,,,,,,,,,,,,,,,,,,,,,,,,,,,,,,,,,,,,,,,,,,,,,,,,,,,,,,,,
,,,,,,,,,,,,,,,,,,,,,,,,,,,,,,,,,,,,,,,,,,,,,,,,,,,,,,,,,,,,,,,,,,,,,,,,,,,,,,,,,,
,,,,,,,,,,,,,,,,,,,,,,,,,,,,,,,,,,,,,,,,,,,,,,,,,,,,,,,,,,,,,,,,,,,,,,,,,,,,,,,,,,
,,,,,,,,,,,,,,,,,,,,,,,,,,,,,,,,,,,,,,,,,,,,,,,,,,,,,,,,,,,,,,,,,,,,,,,,,,,,,,,,,,
,,,,,,,,,,,,,,,,,,,,,,,,,,,,,,,,,,,,,,,,,,,,,,,,,,,,,,,,,,,,,,,,,,,,,,,,,,,,,,,,,,
,,,,,,,,,,,,,,,,,,,,,,,,,,,,,,,,,,,,,,,,,,,,,,,,,,,,,,,,,,,,,,,,,,,,,,,,,,,,,,,,,,
,,,,,,,,,,,,,,,,,,,,,,,,,,,,,,,,,,,,,,,,,,,,,,,,,,,,,,,,,,,,,,,,,,,,,,,,,,,,,,,,,,
,,,,,,,,,,,,,,,,,,,,,,,,,,,,,,,,,,,,,,,,,,,,,,,,,,,,,,,,,,,,,,,,,,,,,,,,,,,,,,,,,,
,,,,,,,,,,,,,,,,,,,,,,,,,,,,,,,,,,,,,,,,,,,,,,,,,,,,,,,,,,,,,,,,,,,,,,,,,,,,,,,,,,
,,,,,,,,,,,,,,,,,,,,,,,,,,,,,,,,,,,,,,,,,,,,,,,,,,,,,,,,,,,,,,,,,,,,,,,,,,,,,,,,,,
,,,,,,,,,,,,,,,,,,,,,,,,,,,,,,,,,,,,,,,,,,,,,,,,,,,,,,,,,,,,,,,,,,,,,,,,,,,,,,,,,,
,,,,,,,,,,,,,,,,,,,,,,,,,,,,,,,,,,,,,,,,,,,,,,,,,,,,,,,,,,,,,,,,,,,,,,,,,,,,,,,,,,
,,,,,,,,,,,,,,,,,,,,,,,,,,,,,,,,,,,,,,,,,,,,,,,,,,,,,,,,,,,,,,,,,,,,,,,,,,,,,,,,,,
,,,,,,,,,,,,,,,,,,,,,,,,,,,,,,,,,,,,,,,,,,,,,,,,,,,,,,,,,,,,,,,,,,,,,,,,,,,,,,,,,,
,,,,,,,,,,,,,,,,,,,,,,,,,,,,,,,,,,,,,,,,,,,,,,,,,,,,,,,,,,,,,,,,,,,,,,,,,,,,,,,,,,
,,,,,,,,,,,,,,,,,,,,,,,,,,,,,,,,,,,,,,,,,,,,,,,,,,,,,,,,,,,,,,,,,,,,,,,,,,,,,,,,,,
,,,,,,,,,,,,,,,,,,,,,,,,,,,,,,,,,,,,,,,,,,,,,,,,,,,,,,,,,,,,,,,,,,,,,,,,,,,,,,,,,,
,,,,,,,,,,,,,,,,,,,,,,,,,,,,,,,,,,,,,,,,,,,,,,,,,,,,,,,,,,,,,,,,,,,,,,,,,,,,,,,,,,
,,,,,,,,,,,,,,,,,,,,,,,,,,,,,,,,,,,,,,,,,,,,,,,,,,,,,,,,,,,,,,,,,,,,,,,,,,,,,,,,,,
,,,,,,,,,,,,,,,,,,,,,,,,,,,,,,,,,,,,,,,,,,,,,,,,,,,,,,,,,,,,,,,,,,,,,,,,,,,,,,,,,,
,,,,,,,,,,,,,,,,,,,,,,,,,,,,,,,,,,,,,,,,,,,,,,,,,,,,,,,,,,,,,,,,,,,,,,,,,,,,,,,,,,
,,,,,,,,,,,,,,,,,,,,,,,,,,,,,,,,,,,,,,,,,,,,,,,,,,,,,,,,,,,,,,,,,,,,,,,,,,,,,,,,,,
,,,,,,,,,,,,,,,,,,,,,,,,,,,,,,,,,,,,,,,,,,,,,,,,,,,,,,,,,,,,,,,,,,,,,,,,,,,,,,,,,,
,,,,,,,,,,,,,,,,,,,,,,,,,,,,,,,,,,,,,,,,,,,,,,,,,,,,,,,,,,,,,,,,,,,,,,,,,,,,,,,,,,
,,,,,,,,,,,,,,,,,,,,,,,,,,,,,,,,,,,,,,,,,,,,,,,,,,,,,,,,,,,,,,,,,,,,,,,,,,,,,,,,,,
,,,,,,,,,,,,,,,,,,,,,,,,,,,,,,,,,,,,,,,,,,,,,,,,,,,,,,,,,,,,,,,,,,,,,,,,,,,,,,,,,,
,,,,,,,,,,,,,,,,,,,,,,,,,,,,,,,,,,,,,,,,,,,,,,,,,,,,,,,,,,,,,,,,,,,,,,,,,,,,,,,,,,
,,,,,,,,,,,,,,,,,,,,,,,,,,,,,,,,,,,,,,,,,,,,,,,,,,,,,,,,,,,,,,,,,,,,,,,,,,,,,,,,,,
,,,,,,,,,,,,,,,,,,,,,,,,,,,,,,,,,,,,,,,,,,,,,,,,,,,,,,,,,,,,,,,,,,,,,,,,,,,,,,,,,,
,,,,,,,,,,,,,,,,,,,,,,,,,,,,,,,,,,,,,,,,,,,,,,,,,,,,,,,,,,,,,,,,,,,,,,,,,,,,,,,,,,
,,,,,,,,,,,,,,,,,,,,,,,,,,,,,,,,,,,,,,,,,,,,,,,,,,,,,,,,,,,,,,,,,,,,,,,,,,,,,,,,,,
,,,,,,,,,,,,,,,,,,,,,,,,,,,,,,,,,,,,,,,,,,,,,,,,,,,,,,,,,,,,,,,,,,,,,,,,,,,,,,,,,,
,,,,,,,,,,,,,,,,,,,,,,,,,,,,,,,,,,,,,,,,,,,,,,,,,,,,,,,,,,,,,,,,,,,,,,,,,,,,,,,,,,
,,,,,,,,,,,,,,,,,,,,,,,,,,,,,,,,,,,,,,,,,,,,,,,,,,,,,,,,,,,,,,,,,,,,,,,,,,,,,,,,,,
,,,,,,,,,,,,,,,,,,,,,,,,,,,,,,,,,,,,,,,,,,,,,,,,,,,,,,,,,,,,,,,,,,,,,,,,,,,,,,,,,,
,,,,,,,,,,,,,,,,,,,,,,,,,,,,,,,,,,,,,,,,,,,,,,,,,,,,,,,,,,,,,,,,,,,,,,,,,,,,,,,,,,
,,,,,,,,,,,,,,,,,,,,,,,,,,,,,,,,,,,,,,,,,,,,,,,,,,,,,,,,,,,,,,,,,,,,,,,,,,,,,,,,,,
,,,,,,,,,,,,,,,,,,,,,,,,,,,,,,,,,,,,,,,,,,,,,,,,,,,,,,,,,,,,,,,,,,,,,,,,,,,,,,,,,,
,,,,,,,,,,,,,,,,,,,,,,,,,,,,,,,,,,,,,,,,,,,,,,,,,,,,,,,,,,,,,,,,,,,,,,,,,,,,,,,,,,
,,,,,,,,,,,,,,,,,,,,,,,,,,,,,,,,,,,,,,,,,,,,,,,,,,,,,,,,,,,,,,,,,,,,,,,,,,,,,,,,,,
,,,,,,,,,,,,,,,,,,,,,,,,,,,,,,,,,,,,,,,,,,,,,,,,,,,,,,,,,,,,,,,,,,,,,,,,,,,,,,,,,,
,,,,,,,,,,,,,,,,,,,,,,,,,,,,,,,,,,,,,,,,,,,,,,,,,,,,,,,,,,,,,,,,,,,,,,,,,,,,,,,,,,
,,,,,,,,,,,,,,,,,,,,,,,,,,,,,,,,,,,,,,,,,,,,,,,,,,,,,,,,,,,,,,,,,,,,,,,,,,,,,,,,,,
,,,,,,,,,,,,,,,,,,,,,,,,,,,,,,,,,,,,,,,,,,,,,,,,,,,,,,,,,,,,,,,,,,,,,,,,,,,,,,,,,,
,,,,,,,,,,,,,,,,,,,,,,,,,,,,,,,,,,,,,,,,,,,,,,,,,,,,,,,,,,,,,,,,,,,,,,,,,,,,,,,,,,
,,,,,,,,,,,,,,,,,,,,,,,,,,,,,,,,,,,,,,,,,,,,,,,,,,,,,,,,,,,,,,,,,,,,,,,,,,,,,,,,,,
,,,,,,,,,,,,,,,,,,,,,,,,,,,,,,,,,,,,,,,,,,,,,,,,,,,,,,,,,,,,,,,,,,,,,,,,,,,,,,,,,,
,,,,,,,,,,,,,,,,,,,,,,,,,,,,,,,,,,,,,,,,,,,,,,,,,,,,,,,,,,,,,,,,,,,,,,,,,,,,,,,,,,
,,,,,,,,,,,,,,,,,,,,,,,,,,,,,,,,,,,,,,,,,,,,,,,,,,,,,,,,,,,,,,,,,,,,,,,,,,,,,,,,,,
,,,,,,,,,,,,,,,,,,,,,,,,,,,,,,,,,,,,,,,,,,,,,,,,,,,,,,,,,,,,,,,,,,,,,,,,,,,,,,,,,,
,,,,,,,,,,,,,,,,,,,,,,,,,,,,,,,,,,,,,,,,,,,,,,,,,,,,,,,,,,,,,,,,,,,,,,,,,,,,,,,,,,
,,,,,,,,,,,,,,,,,,,,,,,,,,,,,,,,,,,,,,,,,,,,,,,,,,,,,,,,,,,,,,,,,,,,,,,,,,,,,,,,,,
,,,,,,,,,,,,,,,,,,,,,,,,,,,,,,,,,,,,,,,,,,,,,,,,,,,,,,,,,,,,,,,,,,,,,,,,,,,,,,,,,,
,,,,,,,,,,,,,,,,,,,,,,,,,,,,,,,,,,,,,,,,,,,,,,,,,,,,,,,,,,,,,,,,,,,,,,,,,,,,,,,,,,
,,,,,,,,,,,,,,,,,,,,,,,,,,,,,,,,,,,,,,,,,,,,,,,,,,,,,,,,,,,,,,,,,,,,,,,,,,,,,,,,,,
,,,,,,,,,,,,,,,,,,,,,,,,,,,,,,,,,,,,,,,,,,,,,,,,,,,,,,,,,,,,,,,,,,,,,,,,,,,,,,,,,,
,,,,,,,,,,,,,,,,,,,,,,,,,,,,,,,,,,,,,,,,,,,,,,,,,,,,,,,,,,,,,,,,,,,,,,,,,,,,,,,,,,
,,,,,,,,,,,,,,,,,,,,,,,,,,,,,,,,,,,,,,,,,,,,,,,,,,,,,,,,,,,,,,,,,,,,,,,,,,,,,,,,,,
,,,,,,,,,,,,,,,,,,,,,,,,,,,,,,,,,,,,,,,,,,,,,,,,,,,,,,,,,,,,,,,,,,,,,,,,,,,,,,,,,,
,,,,,,,,,,,,,,,,,,,,,,,,,,,,,,,,,,,,,,,,,,,,,,,,,,,,,,,,,,,,,,,,,,,,,,,,,,,,,,,,,,
,,,,,,,,,,,,,,,,,,,,,,,,,,,,,,,,,,,,,,,,,,,,,,,,,,,,,,,,,,,,,,,,,,,,,,,,,,,,,,,,,,
,,,,,,,,,,,,,,,,,,,,,,,,,,,,,,,,,,,,,,,,,,,,,,,,,,,,,,,,,,,,,,,,,,,,,,,,,,,,,,,,,,
,,,,,,,,,,,,,,,,,,,,,,,,,,,,,,,,,,,,,,,,,,,,,,,,,,,,,,,,,,,,,,,,,,,,,,,,,,,,,,,,,,
,,,,,,,,,,,,,,,,,,,,,,,,,,,,,,,,,,,,,,,,,,,,,,,,,,,,,,,,,,,,,,,,,,,,,,,,,,,,,,,,,,
,,,,,,,,,,,,,,,,,,,,,,,,,,,,,,,,,,,,,,,,,,,,,,,,,,,,,,,,,,,,,,,,,,,,,,,,,,,,,,,,,,
,,,,,,,,,,,,,,,,,,,,,,,,,,,,,,,,,,,,,,,,,,,,,,,,,,,,,,,,,,,,,,,,,,,,,,,,,,,,,,,,,,
,,,,,,,,,,,,,,,,,,,,,,,,,,,,,,,,,,,,,,,,,,,,,,,,,,,,,,,,,,,,,,,,,,,,,,,,,,,,,,,,,,
,,,,,,,,,,,,,,,,,,,,,,,,,,,,,,,,,,,,,,,,,,,,,,,,,,,,,,,,,,,,,,,,,,,,,,,,,,,,,,,,,,
,,,,,,,,,,,,,,,,,,,,,,,,,,,,,,,,,,,,,,,,,,,,,,,,,,,,,,,,,,,,,,,,,,,,,,,,,,,,,,,,,,
,,,,,,,,,,,,,,,,,,,,,,,,,,,,,,,,,,,,,,,,,,,,,,,,,,,,,,,,,,,,,,,,,,,,,,,,,,,,,,,,,,
,,,,,,,,,,,,,,,,,,,,,,,,,,,,,,,,,,,,,,,,,,,,,,,,,,,,,,,,,,,,,,,,,,,,,,,,,,,,,,,,,,
,,,,,,,,,,,,,,,,,,,,,,,,,,,,,,,,,,,,,,,,,,,,,,,,,,,,,,,,,,,,,,,,,,,,,,,,,,,,,,,,,,
,,,,,,,,,,,,,,,,,,,,,,,,,,,,,,,,,,,,,,,,,,,,,,,,,,,,,,,,,,,,,,,,,,,,,,,,,,,,,,,,,,
,,,,,,,,,,,,,,,,,,,,,,,,,,,,,,,,,,,,,,,,,,,,,,,,,,,,,,,,,,,,,,,,,,,,,,,,,,,,,,,,,,
,,,,,,,,,,,,,,,,,,,,,,,,,,,,,,,,,,,,,,,,,,,,,,,,,,,,,,,,,,,,,,,,,,,,,,,,,,,,,,,,,,
,,,,,,,,,,,,,,,,,,,,,,,,,,,,,,,,,,,,,,,,,,,,,,,,,,,,,,,,,,,,,,,,,,,,,,,,,,,,,,,,,,
,,,,,,,,,,,,,,,,,,,,,,,,,,,,,,,,,,,,,,,,,,,,,,,,,,,,,,,,,,,,,,,,,,,,,,,,,,,,,,,,,,
,,,,,,,,,,,,,,,,,,,,,,,,,,,,,,,,,,,,,,,,,,,,,,,,,,,,,,,,,,,,,,,,,,,,,,,,,,,,,,,,,,
,,,,,,,,,,,,,,,,,,,,,,,,,,,,,,,,,,,,,,,,,,,,,,,,,,,,,,,,,,,,,,,,,,,,,,,,,,,,,,,,,,
,,,,,,,,,,,,,,,,,,,,,,,,,,,,,,,,,,,,,,,,,,,,,,,,,,,,,,,,,,,,,,,,,,,,,,,,,,,,,,,,,,
,,,,,,,,,,,,,,,,,,,,,,,,,,,,,,,,,,,,,,,,,,,,,,,,,,,,,,,,,,,,,,,,,,,,,,,,,,,,,,,,,,
,,,,,,,,,,,,,,,,,,,,,,,,,,,,,,,,,,,,,,,,,,,,,,,,,,,,,,,,,,,,,,,,,,,,,,,,,,,,,,,,,,
,,,,,,,,,,,,,,,,,,,,,,,,,,,,,,,,,,,,,,,,,,,,,,,,,,,,,,,,,,,,,,,,,,,,,,,,,,,,,,,,,,
,,,,,,,,,,,,,,,,,,,,,,,,,,,,,,,,,,,,,,,,,,,,,,,,,,,,,,,,,,,,,,,,,,,,,,,,,,,,,,,,,,
,,,,,,,,,,,,,,,,,,,,,,,,,,,,,,,,,,,,,,,,,,,,,,,,,,,,,,,,,,,,,,,,,,,,,,,,,,,,,,,,,,
,,,,,,,,,,,,,,,,,,,,,,,,,,,,,,,,,,,,,,,,,,,,,,,,,,,,,,,,,,,,,,,,,,,,,,,,,,,,,,,,,,
,,,,,,,,,,,,,,,,,,,,,,,,,,,,,,,,,,,,,,,,,,,,,,,,,,,,,,,,,,,,,,,,,,,,,,,,,,,,,,,,,,
,,,,,,,,,,,,,,,,,,,,,,,,,,,,,,,,,,,,,,,,,,,,,,,,,,,,,,,,,,,,,,,,,,,,,,,,,,,,,,,,,,
,,,,,,,,,,,,,,,,,,,,,,,,,,,,,,,,,,,,,,,,,,,,,,,,,,,,,,,,,,,,,,,,,,,,,,,,,,,,,,,,,,
,,,,,,,,,,,,,,,,,,,,,,,,,,,,,,,,,,,,,,,,,,,,,,,,,,,,,,,,,,,,,,,,,,,,,,,,,,,,,,,,,,
,,,,,,,,,,,,,,,,,,,,,,,,,,,,,,,,,,,,,,,,,,,,,,,,,,,,,,,,,,,,,,,,,,,,,,,,,,,,,,,,,,
,,,,,,,,,,,,,,,,,,,,,,,,,,,,,,,,,,,,,,,,,,,,,,,,,,,,,,,,,,,,,,,,,,,,,,,,,,,,,,,,,,
,,,,,,,,,,,,,,,,,,,,,,,,,,,,,,,,,,,,,,,,,,,,,,,,,,,,,,,,,,,,,,,,,,,,,,,,,,,,,,,,,,
,,,,,,,,,,,,,,,,,,,,,,,,,,,,,,,,,,,,,,,,,,,,,,,,,,,,,,,,,,,,,,,,,,,,,,,,,,,,,,,,,,
,,,,,,,,,,,,,,,,,,,,,,,,,,,,,,,,,,,,,,,,,,,,,,,,,,,,,,,,,,,,,,,,,,,,,,,,,,,,,,,,,,
,,,,,,,,,,,,,,,,,,,,,,,,,,,,,,,,,,,,,,,,,,,,,,,,,,,,,,,,,,,,,,,,,,,,,,,,,,,,,,,,,,
,,,,,,,,,,,,,,,,,,,,,,,,,,,,,,,,,,,,,,,,,,,,,,,,,,,,,,,,,,,,,,,,,,,,,,,,,,,,,,,,,,
,,,,,,,,,,,,,,,,,,,,,,,,,,,,,,,,,,,,,,,,,,,,,,,,,,,,,,,,,,,,,,,,,,,,,,,,,,,,,,,,,,
,,,,,,,,,,,,,,,,,,,,,,,,,,,,,,,,,,,,,,,,,,,,,,,,,,,,,,,,,,,,,,,,,,,,,,,,,,,,,,,,,,
,,,,,,,,,,,,,,,,,,,,,,,,,,,,,,,,,,,,,,,,,,,,,,,,,,,,,,,,,,,,,,,,,,,,,,,,,,,,,,,,,,
,,,,,,,,,,,,,,,,,,,,,,,,,,,,,,,,,,,,,,,,,,,,,,,,,,,,,,,,,,,,,,,,,,,,,,,,,,,,,,,,,,
,,,,,,,,,,,,,,,,,,,,,,,,,,,,,,,,,,,,,,,,,,,,,,,,,,,,,,,,,,,,,,,,,,,,,,,,,,,,,,,,,,
,,,,,,,,,,,,,,,,,,,,,,,,,,,,,,,,,,,,,,,,,,,,,,,,,,,,,,,,,,,,,,,,,,,,,,,,,,,,,,,,,,
,,,,,,,,,,,,,,,,,,,,,,,,,,,,,,,,,,,,,,,,,,,,,,,,,,,,,,,,,,,,,,,,,,,,,,,,,,,,,,,,,,
,,,,,,,,,,,,,,,,,,,,,,,,,,,,,,,,,,,,,,,,,,,,,,,,,,,,,,,,,,,,,,,,,,,,,,,,,,,,,,,,,,
,,,,,,,,,,,,,,,,,,,,,,,,,,,,,,,,,,,,,,,,,,,,,,,,,,,,,,,,,,,,,,,,,,,,,,,,,,,,,,,,,,
,,,,,,,,,,,,,,,,,,,,,,,,,,,,,,,,,,,,,,,,,,,,,,,,,,,,,,,,,,,,,,,,,,,,,,,,,,,,,,,,,,
,,,,,,,,,,,,,,,,,,,,,,,,,,,,,,,,,,,,,,,,,,,,,,,,,,,,,,,,,,,,,,,,,,,,,,,,,,,,,,,,,,
,,,,,,,,,,,,,,,,,,,,,,,,,,,,,,,,,,,,,,,,,,,,,,,,,,,,,,,,,,,,,,,,,,,,,,,,,,,,,,,,,,
,,,,,,,,,,,,,,,,,,,,,,,,,,,,,,,,,,,,,,,,,,,,,,,,,,,,,,,,,,,,,,,,,,,,,,,,,,,,,,,,,,
,,,,,,,,,,,,,,,,,,,,,,,,,,,,,,,,,,,,,,,,,,,,,,,,,,,,,,,,,,,,,,,,,,,,,,,,,,,,,,,,,,
,,,,,,,,,,,,,,,,,,,,,,,,,,,,,,,,,,,,,,,,,,,,,,,,,,,,,,,,,,,,,,,,,,,,,,,,,,,,,,,,,,
,,,,,,,,,,,,,,,,,,,,,,,,,,,,,,,,,,,,,,,,,,,,,,,,,,,,,,,,,,,,,,,,,,,,,,,,,,,,,,,,,,
,,,,,,,,,,,,,,,,,,,,,,,,,,,,,,,,,,,,,,,,,,,,,,,,,,,,,,,,,,,,,,,,,,,,,,,,,,,,,,,,,,
,,,,,,,,,,,,,,,,,,,,,,,,,,,,,,,,,,,,,,,,,,,,,,,,,,,,,,,,,,,,,,,,,,,,,,,,,,,,,,,,,,
,,,,,,,,,,,,,,,,,,,,,,,,,,,,,,,,,,,,,,,,,,,,,,,,,,,,,,,,,,,,,,,,,,,,,,,,,,,,,,,,,,
,,,,,,,,,,,,,,,,,,,,,,,,,,,,,,,,,,,,,,,,,,,,,,,,,,,,,,,,,,,,,,,,,,,,,,,,,,,,,,,,,,
,,,,,,,,,,,,,,,,,,,,,,,,,,,,,,,,,,,,,,,,,,,,,,,,,,,,,,,,,,,,,,,,,,,,,,,,,,,,,,,,,,
,,,,,,,,,,,,,,,,,,,,,,,,,,,,,,,,,,,,,,,,,,,,,,,,,,,,,,,,,,,,,,,,,,,,,,,,,,,,,,,,,,
,,,,,,,,,,,,,,,,,,,,,,,,,,,,,,,,,,,,,,,,,,,,,,,,,,,,,,,,,,,,,,,,,,,,,,,,,,,,,,,,,,
,,,,,,,,,,,,,,,,,,,,,,,,,,,,,,,,,,,,,,,,,,,,,,,,,,,,,,,,,,,,,,,,,,,,,,,,,,,,,,,,,,
,,,,,,,,,,,,,,,,,,,,,,,,,,,,,,,,,,,,,,,,,,,,,,,,,,,,,,,,,,,,,,,,,,,,,,,,,,,,,,,,,,
,,,,,,,,,,,,,,,,,,,,,,,,,,,,,,,,,,,,,,,,,,,,,,,,,,,,,,,,,,,,,,,,,,,,,,,,,,,,,,,,,,
,,,,,,,,,,,,,,,,,,,,,,,,,,,,,,,,,,,,,,,,,,,,,,,,,,,,,,,,,,,,,,,,,,,,,,,,,,,,,,,,,,
,,,,,,,,,,,,,,,,,,,,,,,,,,,,,,,,,,,,,,,,,,,,,,,,,,,,,,,,,,,,,,,,,,,,,,,,,,,,,,,,,,
,,,,,,,,,,,,,,,,,,,,,,,,,,,,,,,,,,,,,,,,,,,,,,,,,,,,,,,,,,,,,,,,,,,,,,,,,,,,,,,,,,
,,,,,,,,,,,,,,,,,,,,,,,,,,,,,,,,,,,,,,,,,,,,,,,,,,,,,,,,,,,,,,,,,,,,,,,,,,,,,,,,,,
,,,,,,,,,,,,,,,,,,,,,,,,,,,,,,,,,,,,,,,,,,,,,,,,,,,,,,,,,,,,,,,,,,,,,,,,,,,,,,,,,,
,,,,,,,,,,,,,,,,,,,,,,,,,,,,,,,,,,,,,,,,,,,,,,,,,,,,,,,,,,,,,,,,,,,,,,,,,,,,,,,,,,
,,,,,,,,,,,,,,,,,,,,,,,,,,,,,,,,,,,,,,,,,,,,,,,,,,,,,,,,,,,,,,,,,,,,,,,,,,,,,,,,,,
,,,,,,,,,,,,,,,,,,,,,,,,,,,,,,,,,,,,,,,,,,,,,,,,,,,,,,,,,,,,,,,,,,,,,,,,,,,,,,,,,,
,,,,,,,,,,,,,,,,,,,,,,,,,,,,,,,,,,,,,,,,,,,,,,,,,,,,,,,,,,,,,,,,,,,,,,,,,,,,,,,,,,
,,,,,,,,,,,,,,,,,,,,,,,,,,,,,,,,,,,,,,,,,,,,,,,,,,,,,,,,,,,,,,,,,,,,,,,,,,,,,,,,,,
,,,,,,,,,,,,,,,,,,,,,,,,,,,,,,,,,,,,,,,,,,,,,,,,,,,,,,,,,,,,,,,,,,,,,,,,,,,,,,,,,,
,,,,,,,,,,,,,,,,,,,,,,,,,,,,,,,,,,,,,,,,,,,,,,,,,,,,,,,,,,,,,,,,,,,,,,,,,,,,,,,,,,
,,,,,,,,,,,,,,,,,,,,,,,,,,,,,,,,,,,,,,,,,,,,,,,,,,,,,,,,,,,,,,,,,,,,,,,,,,,,,,,,,,
,,,,,,,,,,,,,,,,,,,,,,,,,,,,,,,,,,,,,,,,,,,,,,,,,,,,,,,,,,,,,,,,,,,,,,,,,,,,,,,,,,
,,,,,,,,,,,,,,,,,,,,,,,,,,,,,,,,,,,,,,,,,,,,,,,,,,,,,,,,,,,,,,,,,,,,,,,,,,,,,,,,,,
,,,,,,,,,,,,,,,,,,,,,,,,,,,,,,,,,,,,,,,,,,,,,,,,,,,,,,,,,,,,,,,,,,,,,,,,,,,,,,,,,,
,,,,,,,,,,,,,,,,,,,,,,,,,,,,,,,,,,,,,,,,,,,,,,,,,,,,,,,,,,,,,,,,,,,,,,,,,,,,,,,,,,
,,doi: 10.3390/v14091849.,p32,Anne Gu?nther ,123,"Institute of Diagnostic Virology, Friedrich-Loeffler-Institut, 17493 Greifswald-Insel Riems, Germany ",N/A,N/A,no,no,N/A,N/A,#UNKNOWN!,,,,,,,,,,,,,,,,,,,,,,,,,,,,,,,,,,,,,,,,,,,,,,,,,,,,,,,,,,,,,,,,,,,,,
,,doi: 10.3390/v14091849.,p32,Anne Pohlmann,123,"Institute of Diagnostic Virology, Friedrich-Loeffler-Institut, 17493 Greifswald-Insel Riems, Germany ",N/A,N/A,yes,no,N/A,N/A,#UNKNOWN!,,,,,,,,,,,,,,,,,,,,,,,,,,,,,,,,,,,,,,,,,,,,,,,,,,,,,,,,,,,,,,,,,,,,,
,,doi: 10.3390/v14091849.,p32,Christian Grund,123,"Institute of Diagnostic Virology, Friedrich-Loeffler-Institut, 17493 Greifswald-Insel Riems, Germany ",N/A,N/A,no,no,N/A,N/A,#UNKNOWN!,,,,,,,,,,,,,,,,,,,,,,,,,,,,,,,,,,,,,,,,,,,,,,,,,,,,,,,,,,,,,,,,,,,,,
,,doi: 10.3390/v14091849.,p32,Dennis Rubbenstroth,123,"Institute of Diagnostic Virology, Friedrich-Loeffler-Institut, 17493 Greifswald-Insel Riems, Germany ",N/A,N/A,no,no,N/A,N/A,#UNKNOWN!,,,,,,,,,,,,,,,,,,,,,,,,,,,,,,,,,,,,,,,,,,,,,,,,,,,,,,,,,,,,,,,,,,,,,
,,doi: 10.3390/v14091849.,p32,Jacqueline King ,123,"Institute of Diagnostic Virology, Friedrich-Loeffler-Institut, 17493 Greifswald-Insel Riems, Germany ",N/A,N/A,no,yes,N/A,N/A,#UNKNOWN!,,,,,,,,,,,,,,,,,,,,,,,,,,,,,,,,,,,,,,,,,,,,,,,,,,,,,,,,,,,,,,,,,,,,,
,,doi: 10.3390/v14091849.,p32,Lina Stacker ,123,"Institute of Diagnostic Virology, Friedrich-Loeffler-Institut, 17493 Greifswald-Insel Riems, Germany ",N/A,N/A,no,no,N/A,N/A,#UNKNOWN!,,,,,,,,,,,,,,,,,,,,,,,,,,,,,,,,,,,,,,,,,,,,,,,,,,,,,,,,,,,,,,,,,,,,,
,,doi: 10.3390/v14091849.,p32,Martin Beer,123,"Institute of Diagnostic Virology, Friedrich-Loeffler-Institut, 17493 Greifswald-Insel Riems, Germany ",N/A,N/A,no,no,N/A,N/A,#UNKNOWN!,,,,,,,,,,,,,,,,,,,,,,,,,,,,,,,,,,,,,,,,,,,,,,,,,,,,,,,,,,,,,,,,,,,,,
,,doi: 10.3390/v14091849.,p32,Susanne Koethe ,123,"Institute of Diagnostic Virology, Friedrich-Loeffler-Institut, 17493 Greifswald-Insel Riems, Germany ",N/A,N/A,no,no,N/A,N/A,#UNKNOWN!,,,,,,,,,,,,,,,,,,,,,,,,,,,,,,,,,,,,,,,,,,,,,,,,,,,,,,,,,,,,,,,,,,,,,
,,doi: 10.3390/v14091849.,p32,Timm Harde,123,"Institute of Diagnostic Virology, Friedrich-Loeffler-Institut, 17493 Greifswald-Insel Riems, Germany ",N/A,N/A,no,no,N/A,N/A,#UNKNOWN!,,,,,,,,,,,,,,,,,,,,,,,,,,,,,,,,,,,,,,,,,,,,,,,,,,,,,,,,,,,,,,,,,,,,,
,,doi: 10.3390/v14091849.,p32,Christiane Lu?der ,124,"Institute of Epidemiology, Friedrich-Loeffler-Institut, 17493 Greifswald-Insel Riems, Germany ",N/A,N/A,no,no,N/A,N/A,#UNKNOWN!,,,,,,,,,,,,,,,,,,,,,,,,,,,,,,,,,,,,,,,,,,,,,,,,,,,,,,,,,,,,,,,,,,,,,
,,doi: 10.3390/v14091849.,p32,Christoph Staubach,124,"Institute of Epidemiology, Friedrich-Loeffler-Institut, 17493 Greifswald-Insel Riems, Germany ",N/A,N/A,no,no,N/A,N/A,#UNKNOWN!,,,,,,,,,,,,,,,,,,,,,,,,,,,,,,,,,,,,,,,,,,,,,,,,,,,,,,,,,,,,,,,,,,,,,
,,doi: 10.3390/v14091849.,p32,Franz J. Conraths,124,"Institute of Epidemiology, Friedrich-Loeffler-Institut, 17493 Greifswald-Insel Riems, Germany ",N/A,N/A,no,no,N/A,N/A,#UNKNOWN!,,,,,,,,,,,,,,,,,,,,,,,,,,,,,,,,,,,,,,,,,,,,,,,,,,,,,,,,,,,,,,,,,,,,,
,,doi: 10.3390/v14091849.,p32,Klaas Dietze,125,"Institute for International Animal Health/One Health, Friedrich-Loeffler-Institut,
17493 Greifswald-Insel Riems, Germany",N/A,N/A,no,no,N/A,N/A,#UNKNOWN!,,,,,,,,,,,,,,,,,,,,,,,,,,,,,,,,,,,,,,,,,,,,,,,,,,,,,,,,,,,,,,,,,,,,,
